REEF_ID,SITE_NO,Algae,Hard Coral
16028S,1,30.64,24.77
16028S,2,35.83,29.91
16028S,3,37.57,35.81
16028S,1,32.36,25.85
16028S,2,31.35,34.14
16028S,3,32.27,44.04
16028S,1,33.1,35
16028S,2,34.93,39.38
16028S,3,38.23,43.37
16028S,1,42.1,23.3
16028S,2,37.05,34.69
16028S,3,34.2,48.3
16028S,1,36.4,30
16028S,2,46.87,23.54
16028S,3,45.9,37.5
16028S,1,42.7,20.03
16028S,2,49.24,19.83
16028S,3,55.9,24.16
16028S,1,73.66,9.77
16028S,2,71.7,9.2
16028S,3,85.41,7.65
16028S,1,65.04,9.92
16028S,2,66.56,9.85
16028S,3,82.45,7.86
16028S,1,68.7,12.8
16028S,2,70.52,10.53
16028S,3,82.23,9.69
16028S,1,72.86,10.71
16028S,2,73.7,13
16028S,3,80.8,9.1
16028S,1,65.96,12.59
16028S,2,69.35,12.08
16028S,3,76.83,10.28
16028S,1,61.3,16
16028S,2,67,15.7
16028S,3,75.6,16.2
16028S,1,57.2,15.3
16028S,2,62.1,17.8
16028S,3,64.1,21.4
16028S,1,44.6,20.1
16028S,2,43.2,25.2
16028S,3,42.8,36.6
16028S,1,58.4,19.3
16028S,2,52.5,24.9
16028S,1,40.2,27
16028S,2,38.6,33.1
16028S,3,46.4,40.4
16028S,1,57.7,18.1
16028S,2,54.6,21.2
16028S,3,56.5,25.6
16028S,1,49.6,21.3
16028S,2,47.2,31.8
16028S,3,43,37.8
16049S,1,61.94,11
16049S,2,72.71,9.08
16049S,3,68.03,8.28
16049S,1,52.8,11.57
16049S,2,70.25,6.01
16049S,3,68.53,9.19
16049S,1,61.56,14.97
16049S,2,67.75,14.33
16049S,3,75.38,8.13
16049S,1,52.04,20.93
16049S,2,61.36,14.81
16049S,3,71.88,8.48
16049S,1,56.56,15.69
16049S,2,73.8,5.8
16049S,3,80.5,1.9
16049S,1,60.18,15.43
16049S,2,70.7,3.81
16049S,3,80.96,1.81
16049S,1,58.05,10.84
16049S,2,70.29,4.64
16049S,3,74.96,3.31
16049S,1,62.55,9.59
16049S,2,76.2,2.1
16049S,3,78.76,0.75
16049S,1,65.01,7.94
16049S,2,75.8,4.3
16049S,3,83.6,0.91
16049S,1,62.17,9.78
16049S,2,75.5,3.7
16049S,3,81.4,0.9
16049S,1,65.1,10.2
16049S,2,75.53,4.11
16049S,3,83.5,0.6
16049S,1,62.32,13.33
16049S,2,69.52,6.11
16049S,3,80.32,2.54
16049S,1,59.8,14.15
16049S,2,69.63,8.92
16049S,3,78.43,5.55
16049S,1,50.9,21
16049S,2,59.8,12.4
16049S,3,71.34,6.52
16049S,1,44.5,26.6
16049S,2,51.1,22.2
16049S,3,64.8,10.5
16049S,1,45.7,23.5
16049S,2,62.2,11.8
16049S,3,64.7,13.1
16049S,1,54.7,19.2
16049S,2,74.3,10
16049S,3,81.6,1.7
16049S,1,59.8,11.6
16049S,2,67.9,4.9
16049S,3,76.6,1.6
16049S,1,65.1,16.2
16049S,2,75.1,8.2
16049S,3,83.4,1.8
16054S,1,39.26,25.56
16054S,2,33.41,27.19
16054S,3,34.25,19.86
16054S,1,28.49,32.75
16054S,2,22.4,33.21
16054S,3,32.41,25.96
16054S,1,28.26,40.05
16054S,2,30.24,36.84
16054S,3,32.2,31.95
16054S,1,24.31,41.67
16054S,2,24.16,39.28
16054S,3,27.56,28.37
16054S,1,43.58,34.72
16054S,2,39.63,34.44
16054S,3,38.5,33
16054S,1,38.26,37.27
16054S,2,32,32.4
16054S,3,35.26,26.16
16054S,1,64.01,12.55
16054S,2,66.28,6.13
16054S,3,65.7,1.8
16054S,1,58.13,14.37
16054S,2,66.96,3
16054S,3,55.15,1.53
16054S,1,55.33,16.76
16054S,2,67.17,5.9
16054S,3,66.92,2.31
16054S,1,56.97,15.42
16054S,2,67.1,4.5
16054S,3,67,1.4
16054S,1,46.52,19.17
16054S,2,58.21,7.13
16054S,3,56.13,2.91
16054S,1,41.74,30.3
16054S,2,54.54,11.04
16054S,3,56.7,4.7
16054S,1,36.1,34.55
16054S,2,53.62,11.42
16054S,3,48.64,7.53
16054S,1,25,38
16054S,2,36.1,22.3
16054S,3,38.6,14.2
16054S,1,28.7,39.7
16054S,2,38.14,23.02
16054S,3,38.2,24.7
16054S,1,31.9,42.6
16054S,2,38.7,29.1
16054S,3,47.2,15.5
16054S,1,40.88,23.26
16054S,2,54.34,13.93
16054S,3,46.65,12.42
16054S,1,48.4,13
16054S,2,49.4,20.8
16054S,3,40,17.9
16015S,1,55.09,27.61
16015S,2,46.61,24.81
16015S,3,52.15,28.59
16015S,1,56.73,28.09
16015S,2,54.85,26.77
16015S,3,55.02,29.03
16015S,1,57.05,30.9
16015S,2,53.89,29.64
16015S,3,52.81,32.49
16015S,1,49.7,33.87
16015S,2,57.2,24.58
16015S,3,54.5,27.2
16015S,1,53.4,33.8
16015S,2,54.12,23.25
16015S,3,58.47,26.58
16015S,1,57.6,29.3
16015S,2,55.88,23.98
16015S,3,62.8,22.3
16015S,1,60.32,26.21
16015S,2,63.13,18.68
16015S,3,68.33,19.35
16015S,1,56.7,31.6
16015S,2,65.46,18.94
16015S,3,66.42,20.84
16015S,1,59.2,31.2
16015S,2,67.87,18.51
16015S,3,71.17,19.71
16015S,1,57.69,30.14
16015S,2,67.49,18.27
16015S,3,71.29,18.89
16015S,1,51.49,35.78
16015S,2,58.39,24.19
16015S,3,67.36,21.12
16015S,1,56.2,35
16015S,2,63.1,24.2
16015S,3,66.4,22.4
16015S,1,50.35,37.44
16015S,2,53.4,28.5
16015S,3,55.7,27.5
16015S,1,55.2,37.2
16015S,2,55.7,30.5
16015S,3,59.45,25.63
16015S,1,60.2,31.8
16015S,2,63.9,26.6
16015S,3,59.6,29.5
16015S,1,75.9,15.4
16015S,2,71.8,14
16015S,3,72.6,15.1
16015S,1,76,17.8
16015S,2,67.3,22
16015S,3,74.6,14.4
16057S,1,64.9,22.57
16057S,2,55.56,19.9
16057S,3,77.6,19.32
16057S,1,62.78,21.04
16057S,2,61.2,20.95
16057S,3,78.89,18.73
16057S,1,63.99,24.28
16057S,2,55.85,21.36
16057S,3,66.62,26.38
16057S,1,56.65,24.86
16057S,2,51.37,23.63
16057S,3,62.72,28.59
16057S,1,48.51,26.65
16057S,2,56.05,21.52
16057S,3,60.19,33.49
16057S,1,58.11,24.16
16057S,2,49.08,26.28
16057S,3,61.78,31.77
16057S,1,56.23,30.15
16057S,2,49.26,28.83
16057S,3,58.87,35
16057S,1,62.59,23.1
16057S,2,63.49,17.35
16057S,3,63.64,29.09
16057S,1,66.35,20.1
16057S,2,60.06,19.55
16057S,3,61.41,33.78
16057S,1,57.81,27.51
16057S,2,56.9,21.4
16057S,3,61.87,34.56
16057S,1,64.46,21.02
16057S,2,55.8,21.6
16057S,3,63.9,32.3
16057S,1,59.54,25.6
16057S,2,56.77,18.26
16057S,3,62.26,31.79
16057S,1,59.83,23.64
16057S,2,57.6,18.5
16057S,3,66.17,28.78
16057S,1,63.29,24.15
16057S,2,57.36,19.28
16057S,3,68.75,27.28
16057S,1,61.8,23.9
16057S,2,56.06,21.22
16057S,3,65.8,29.9
16057S,1,59.2,23.3
16057S,2,54.1,20
16057S,3,63.61,30.01
16057S,1,58.43,27.25
16057S,2,55.2,20.8
16057S,3,69.4,25.8
16057S,1,50.25,29.23
16057S,2,52.2,24.8
16057S,3,63.2,32.5
16057S,1,63.3,21.4
16057S,2,49.9,21.5
16057S,3,58.6,36.7
16057S,1,62.3,23.1
16057S,2,61.7,14.9
16057S,3,74.7,20.1
16057S,1,61.4,24.3
16057S,2,58.7,18.8
16057S,3,74.28,22.42
16057S,1,60.4,26
16057S,2,58.9,19.7
16057S,3,64.7,32
16057S,1,56.6,28.4
16057S,2,58.4,21
16057S,3,67.43,28.96
16057S,1,58.6,29.5
16057S,2,55.64,20.94
16057S,3,50.2,47.3
16057S,1,61.8,26.4
16057S,2,63.6,18.7
16057S,3,63.5,33.2
16057S,1,80,8.5
16057S,2,79.3,7.9
16057S,3,84.4,11.9
16060S,1,47.05,17.45
16060S,2,49.27,16.43
16060S,3,58.15,9.18
16060S,1,44.47,18.4
16060S,2,43.2,20.14
16060S,3,61.33,8.07
16060S,1,39.25,22.02
16060S,2,42.08,23.25
16060S,3,48.39,14.07
16060S,1,33.9,25.25
16060S,2,32.75,24.67
16060S,3,49.64,15.13
16060S,1,37.04,24.85
16060S,2,34.84,26.03
16060S,3,42.05,20.96
16060S,1,30.78,25.43
16060S,2,35.06,24.4
16060S,3,41.63,20.23
16060S,1,29.89,31.3
16060S,2,35.28,25.95
16060S,3,41.53,19.78
16060S,1,38.9,25.6
16060S,2,41.76,22.24
16060S,3,46.58,16.73
16060S,1,41.4,25.14
16060S,2,42.95,23.24
16060S,3,34.43,23.4
16060S,1,39.12,25.05
16060S,2,38.39,25.92
16060S,3,41.17,19.54
16060S,1,40.8,26.99
16060S,2,40.78,19.95
16060S,3,42.33,21.66
16060S,1,44.88,20.98
16060S,2,39.61,21.76
16060S,3,38.52,23.35
16060S,1,48.6,24.1
16060S,2,43.17,24.62
16060S,3,41.82,20.38
16060S,1,47.7,18.9
16060S,2,47.54,23.52
16060S,3,42.4,21.5
16060S,1,41.6,23.8
16060S,2,38.13,23.23
16060S,3,39.3,22.5
16060S,1,53.5,12.5
16060S,2,49.9,19.6
16060S,3,52.3,9.1
16060S,1,61.7,12.1
16060S,2,52.6,17
16060S,3,60.3,11.1
16060S,1,51.5,20.4
16060S,2,45.6,18.2
16060S,3,62.1,12.9
16060S,1,58.4,24.6
16060S,2,45.7,24.1
16060S,3,58.6,13.8
16064S,1,59,13.5
16064S,2,60.42,18.87
16064S,3,53.7,21.4
16064S,1,49.49,17.36
16064S,2,56.2,26.38
16064S,3,53.63,18.63
16064S,1,50.8,15.8
16064S,2,53.4,25.6
16064S,3,43.6,22.9
16064S,1,58.3,11.1
16064S,2,60.4,18.1
16064S,3,52.5,17.4
16064S,1,47.54,13.31
16064S,2,50.3,23.4
16064S,3,52.2,18.5
16064S,1,37.3,22.7
16064S,2,50.06,28.54
16064S,3,49.4,22.2
16064S,1,49.3,18.6
16064S,2,54.2,26.5
16064S,3,57.3,16.9
16064S,1,70,9.5
16064S,2,74.8,12.9
16064S,3,74.7,10.4
16068S,1,64.22,15.47
16068S,2,69.29,14.38
16068S,3,58.93,17.68
16068S,1,60.78,16.7
16068S,2,67.45,15.36
16068S,3,52.71,24.57
16068S,1,58.06,19.31
16068S,2,62.7,21.2
16068S,3,47.17,25.79
16068S,1,57.18,20.34
16068S,2,58.36,24.62
16068S,3,42.72,33.71
16068S,1,50.5,24.1
16068S,2,51.55,27.82
16068S,3,35.74,39.28
16068S,1,44.42,30.45
16068S,2,46.38,34.41
16068S,3,31.42,43.32
16068S,1,65.97,14.56
16068S,2,64.09,21.94
16068S,3,43.34,32.37
16068S,1,78.16,4.57
16068S,2,80.75,5.21
16068S,3,72.52,7.47
16068S,1,80.3,2.9
16068S,2,84.58,4.8
16068S,3,76.43,3.84
16068S,1,78.66,3.21
16068S,2,78.18,6.02
16068S,3,70.17,7.6
16068S,1,76.02,7.74
16068S,2,80.34,8.63
16068S,3,70.25,8.7
16068S,1,71.3,9.1
16068S,2,76.2,9.3
16068S,3,61.75,15.04
16068S,1,67.9,12.5
16068S,2,66.22,16.9
16068S,3,59.9,18.8
16068S,1,59.1,19.1
16068S,2,59.1,18.6
16068S,3,52.45,24.62
16068S,1,44.8,30
16068S,2,52.5,28.5
16068S,3,42.3,33.9
16068S,1,39.8,32.4
16068S,2,42.4,37.4
16068S,3,39.3,36.1
16068S,1,59.76,17.72
16068S,2,60.5,22.6
16068S,3,56.8,17.8
16068S,1,62.54,20.04
16068S,2,65,20.3
16068S,3,55.1,17.1
16068S,1,55.6,23.3
16068S,2,63.1,19
16068S,3,51.2,20.6
16068S,1,52.4,23.1
16068S,2,48.8,26.5
16068S,3,52.64,21.42
16068S,1,48.69,27.29
16068S,2,51.6,28
16068S,3,44.7,26.5
16068S,1,45.9,30.4
16068S,2,54.2,27
16068S,3,36,33.6
16068S,1,54.9,28.2
16068S,2,49.2,29.4
16068S,3,35.9,30.1
16068S,1,75,12.9
16068S,2,76.5,10.3
16068S,3,67.4,13.7
15099C,1,51.55,18.43
15099C,2,55.56,19.14
15099C,3,59.02,15.5
15099C,1,39.41,24.31
15099C,2,48.09,22.28
15099C,3,52.13,23.93
15099C,1,35.27,26.35
15099C,2,44.31,29.51
15099C,3,54.72,23.47
15099C,1,34.38,28.81
15099C,2,41.52,24.1
15099C,3,48.88,26.92
15099C,1,32.4,32.4
15099C,2,37.58,32.37
15099C,3,46.94,28.99
15099C,1,27.33,34.84
15099C,2,34.83,36.39
15099C,3,36.35,35.16
15099C,1,35.29,33.95
15099C,2,35.66,39.65
15099C,3,37.73,36.05
15099C,1,32.2,37.6
15099C,2,32.72,39.27
15099C,3,37.08,38.49
15099C,1,29.9,37.2
15099C,2,31.2,41
15099C,3,33.73,38.24
15099C,1,33.2,36
15099C,2,33.3,36.8
15099C,3,37.9,37.2
15099C,1,34.38,33.54
15099C,2,32.46,33.62
15099C,3,37.39,38.52
15099C,1,39.7,36
15099C,2,38.04,39.43
15099C,3,45.2,36
15099C,1,44.7,27.5
15099C,2,40.69,32.97
15099C,3,50.01,27.3
15099C,1,51.99,24.25
15099C,2,47.9,23.4
15099C,3,51.9,27.3
15099C,1,41.3,23
15099C,2,41.8,30.1
15099C,3,42.31,29.04
15099C,1,38.33,35.64
15099C,2,40.1,31.2
15099C,3,45.25,29.52
15099C,1,46.1,28.7
15099C,2,40.9,31.4
15099C,3,34.4,40.4
15099C,1,45.3,26.5
15099C,2,44.3,24.7
15099C,3,46.4,31.2
15099C,1,69.46,12.38
15099C,2,77.9,10.6
15099C,3,82.6,11.4
15099C,1,66.5,15.8
15099C,2,68.4,17.5
15099C,3,80.3,10.8
15099C,1,59.7,18.3
15099C,2,63.8,17
15099C,3,75.3,13.2
15099C,1,59.9,19
15099C,2,61.6,20
15099C,3,64.1,21.2
15099C,1,48,28.7
15099C,2,54.36,23.32
15099C,3,56.8,26.3
15099C,1,75.5,13
15099C,2,79.7,10.9
15099C,3,80.9,12.5
15099C,1,80.6,12.1
15099C,2,75.7,13.7
15099C,3,78.9,12.4
16019S,1,41.77,20.47
16019S,2,35.55,17.34
16019S,3,36.06,13.23
16019S,1,37.35,26.52
16019S,2,30.98,22.84
16019S,3,27.9,16.83
16019S,1,37.55,30.3
16019S,2,33.2,23.26
16019S,3,28.8,20.4
16019S,1,31.89,27.73
16019S,2,26.69,23.03
16019S,3,31.86,18.24
16019S,1,30.33,26.53
16019S,2,29.52,23.96
16019S,3,29.17,19.89
16019S,1,27.32,29.64
16019S,2,25.14,26.04
16019S,3,24.57,21.87
16019S,1,36.72,22.83
16019S,2,29.98,21.32
16019S,3,29.64,18.73
16019S,1,39.84,26.03
16019S,2,33.59,23.08
16019S,3,29.8,18
16019S,1,37.5,26.1
16019S,2,29.03,22.43
16019S,3,29.51,19.77
16019S,1,41.5,28.1
16019S,2,37.8,23.4
16019S,3,35.2,20.8
16019S,1,38.22,26.72
16019S,2,34.97,26.06
16019S,3,32.95,22.35
16019S,1,31.5,34.6
16019S,2,31.72,24.6
16019S,3,29.4,23.1
16019S,1,39.8,36.1
16019S,2,37.89,20.26
16019S,3,36.9,17.2
16019S,1,31.7,44.4
16019S,2,37.54,19.12
16019S,3,38.5,21.7
16019S,1,36.94,40.51
16019S,2,33.84,20.43
16019S,3,30.13,26.11
16019S,1,27.83,32.43
16019S,2,24.6,25.1
16019S,3,32.2,25
16019S,1,34,44.4
16019S,2,26,29
16019S,3,35.2,23.2
16019S,1,40.3,38.8
16019S,2,36.2,25.6
16019S,3,32.9,24.3
16019S,1,66.6,17.6
16019S,2,68.5,15.5
16019S,3,74.1,12.7
16019S,1,72.8,16.6
16019S,2,58.1,16.8
16019S,3,72.8,13.9
16019S,1,65.1,14.2
16019S,2,57.5,13.5
16019S,3,58.5,17.5
16019S,1,59.06,21.23
16019S,2,55,13.5
16019S,3,58,15
16019S,1,46.7,28.1
16019S,2,42.05,20.12
16019S,3,56.3,15.2
16019S,1,75.4,15.7
16019S,2,75.9,13.5
16019S,3,77.6,13.5
16019S,1,75.5,15.9
16019S,2,76.3,13.5
16019S,3,80.2,10
16025S2,1,32.12,31.16
16025S2,2,28.83,23.52
16025S2,3,22.3,17.53
16025S2,1,33.63,28.02
16025S2,2,30.51,22.98
16025S2,3,28.77,14.71
16025S2,1,35.56,30.52
16025S2,2,32.44,24.84
16025S2,3,33.27,11.12
16025S2,1,36.58,27.56
16025S2,2,34.09,21.72
16025S2,3,34.93,13.32
16025S2,1,40.77,30.8
16025S2,2,49.5,20.94
16025S2,3,50.1,12.62
16025S2,1,41,29.62
16025S2,2,44.79,18.13
16025S2,3,48.44,10.82
16025S2,1,44.45,23.43
16025S2,2,40.91,18.38
16025S2,3,39.74,14.33
16025S2,1,39.93,27.04
16025S2,2,41.55,21.08
16025S2,3,39.34,11.41
16025S2,1,45,30.5
16025S2,2,47.6,17.27
16025S2,3,46.68,9.44
16025S2,1,40.52,30.64
16025S2,2,39.2,17.86
16025S2,3,45.42,10.82
16025S2,1,39.37,31.87
16025S2,2,45.4,19.9
16025S2,3,44.9,10.3
16025S2,1,44.2,28.46
16025S2,2,46.6,19.17
16025S2,3,38.4,9.95
16025S2,1,36.2,34.1
16025S2,2,29.4,25.6
16025S2,3,29.9,11.6
16025S2,1,36.8,34.4
16025S2,2,32,27
16025S2,3,32.7,17.3
16025S2,1,55,27.5
16025S2,2,42.8,20.9
16025S2,3,31.1,15.1
16025S2,1,49,27.7
16025S2,2,46.7,21.9
16025S2,3,47,13.6
16025S2,1,80.8,11.4
16025S2,2,84,9.3
16025S2,3,81.3,5.6
23045A,1,26.4,69.3
23045A,2,39,57.4
23045A,3,56.8,39.7
23045A,1,49.09,46.08
23045A,2,40.3,55
23045A,3,67.4,29.28
23045A,1,91.3,7.1
23045A,2,93.3,5.5
23045A,3,89.4,8.4
23045A,1,85.6,10.4
23045A,2,87.1,10.4
23045A,3,77.6,18.4
23045A,1,71.6,26.1
23045A,2,70.6,24.3
23045A,3,40,54.6
23045A,1,66.5,29.6
23045A,2,43.3,50.1
23045A,3,18.9,76.9
23045A,1,66.2,29.3
23045A,2,40.5,52.8
23045A,3,29.4,65.8
23048S,1,83.03,9.59
23048S,2,89.04,7.4
23048S,3,56.73,13.28
23048S,1,73.57,19.93
23048S,2,80.34,15.61
23048S,3,60.02,17.92
23048S,1,56.05,30.75
23048S,2,70.26,24.43
23048S,3,52.75,19.39
23048S,1,41.72,45.74
23048S,2,58.74,35.88
23048S,3,54.54,19.08
23048S,1,32.42,54.64
23048S,2,47.1,45.6
23048S,3,42.39,25.68
23048S,1,25.33,63.21
23048S,2,34.32,58.59
23048S,3,51.6,29.07
23048S,1,28.06,65.13
23048S,2,45.16,45.2
23048S,3,39.39,34.59
23048S,1,36.06,56.99
23048S,2,47,48
23048S,3,43.74,32.52
23048S,1,28.61,65.97
23048S,2,34.8,62
23048S,3,39.72,41.37
23048S,1,32.4,61.96
23048S,2,36.8,59.4
23048S,3,38.5,45.9
23048S,1,33.8,59.46
23048S,2,40.7,56.6
23048S,3,36.78,42.79
23048S,1,38.51,54.47
23048S,2,51.7,44.8
23048S,3,34.63,45.23
23048S,1,35.7,60.1
23048S,2,58.2,38.2
23048S,3,34.3,49.2
23048S,1,46.27,49.45
23048S,2,74.74,23.27
23048S,3,40.24,40.67
23048S,1,35.43,57.26
23048S,2,69.4,28.4
23048S,3,34.86,48.04
23048S,1,82.8,10.2
23048S,2,93.6,4.4
23048S,3,63.1,26
23048S,1,92.2,3
23048S,2,92.5,4.6
23048S,3,60.5,27.3
23048S,1,90.7,3.3
23048S,2,89.7,6.8
23048S,3,54.4,27.5
23048S,1,89.7,4.2
23048S,2,89.3,8.7
23048S,3,51.4,28.2
23048S,1,79.9,9
23048S,2,75.4,15.6
23048S,3,47.4,33.8
23048S,1,73.4,15
23048S,2,63.7,32.4
23048S,3,40.8,33.7
23048S,1,63.6,25
23048S,2,57.3,39.3
23048S,3,37.2,40.8
23048S,1,37.3,57.3
23048S,2,37.8,59.9
23048S,3,30.5,44.1
23048S,1,24.48,67.89
23048S,2,26.47,70.82
23048S,3,26.67,49
23048S,1,25.6,65.3
23048S,2,25.1,72.2
23048S,3,31.9,47.1
23051S,1,82.22,13.48
23051S,2,86.77,10.24
23051S,3,74.83,19.96
23051S,1,53.13,38.61
23051S,2,36.16,54.55
23051S,3,40.03,34.99
23051S,1,34.8,53.98
23051S,2,26.75,57.73
23051S,3,29.28,41.87
23051S,1,20.63,67.39
23051S,2,14.77,72.91
23051S,3,22.15,54.94
23051S,1,18.14,74.85
23051S,2,13.3,79.93
23051S,3,27.37,59.48
23051S,1,24.3,70.8
23051S,2,14,80.49
23051S,3,30.71,56.52
23051S,1,24.67,69.61
23051S,2,23.56,71.72
23051S,3,45.35,41.38
23051S,1,28.44,67.29
23051S,2,15.68,78.76
23051S,3,34.22,53.83
23051S,1,32.07,63.33
23051S,2,20.9,74.1
23051S,3,43.31,41.97
23051S,1,37.04,59.04
23051S,2,24.22,67.26
23051S,3,36.17,41.68
23051S,1,50.82,47.27
23051S,2,44.4,51.7
23051S,3,59.4,27.5
23051S,1,45.42,52.89
23051S,2,54.07,44.03
23051S,3,66.2,21.4
23051S,1,86.18,12.91
23051S,2,90.9,5.2
23051S,3,78.4,16.6
23051S,1,98.3,1.1
23051S,2,96.5,2
23051S,3,84.48,11.11
23051S,1,94.3,4.2
23051S,2,85.2,6.8
23051S,3,77.7,18
23051S,1,60.4,38.1
23051S,2,52.6,44.6
23051S,3,50.3,37
23051S,1,22.24,75.06
23051S,2,27.06,69.74
23051S,3,22.33,69.87
23055S,1,90.45,0.64
23055S,2,89,6.5
23055S,3,91.1,5.92
23055S,1,90.9,1.84
23055S,2,84.94,5.39
23055S,3,83.51,9.16
23055S,1,93.57,1.42
23055S,2,81.31,9.51
23055S,3,76,13.28
23055S,1,90.14,6.93
23055S,2,70.76,20.92
23055S,3,62.31,26.46
23055S,1,75.5,15.1
23055S,2,59.35,30.64
23055S,3,45.42,39.31
23055S,1,63.92,28.16
23055S,2,48.9,42.06
23055S,3,36.9,53.5
23055S,1,45.3,49.1
23055S,2,34.68,57.93
23055S,3,32.89,60.18
23055S,1,33.7,63.8
23055S,2,31.07,65.05
23055S,3,29.45,64.12
23055S,1,30.3,66.82
23055S,2,28.54,67.09
23055S,3,25.6,67.12
23055S,1,22.86,74.87
23055S,2,24.51,73.88
23055S,3,27.9,68.1
23055S,1,15.9,82.1
23055S,2,19.3,76.9
23055S,3,25.2,69.4
23055S,1,20.1,77.39
23055S,2,25.98,70.42
23055S,3,27.9,68.47
23055S,1,28.15,70.24
23055S,2,32.8,64.7
23055S,3,36.63,61.16
23055S,1,30.64,65.68
23055S,2,34.83,64.17
23055S,3,36.2,61.8
23055S,1,66.1,32.6
23055S,2,76.7,22
23055S,3,87.7,9.4
23055S,1,98.4,0.1
23055S,2,95.6,2.3
23055S,3,92.1,4.5
23055S,1,97.9,1.1
23055S,2,89.4,4.9
23055S,3,90.2,6.5
23055S,1,87,10.1
23055S,2,79.2,17.1
23055S,3,72.7,23.6
23055S,1,66.8,31.2
23055S,2,55.8,40.9
23055S,3,45.5,50.6
23068S,1,47.4,24
23068S,2,33.2,54.1
23068S,3,50.9,38.1
23068S,1,37.19,17.37
23068S,2,45.06,32.77
23068S,3,52.87,29.38
23068S,1,43.1,46.6
23068S,2,60.2,25.3
23068S,3,53.6,15.9
23068S,1,35.5,16
23068S,2,44.2,35.9
23068S,3,57.1,23.3
23068S,1,38.4,18.5
23068S,2,37.2,38.8
23068S,3,62.9,22.6
23068S,1,63.1,19.2
23068S,2,39.3,52.2
23068S,3,60.7,25.1
23068S,1,56,12.8
23068S,2,41.6,51.3
23068S,3,58,21.6
23069S,1,57.93,14.52
23069S,2,56.2,15.3
23069S,3,46.7,20.2
23069S,1,58.13,22.92
23069S,2,57,21.7
23069S,3,41.37,28.59
23069S,1,41.2,13.8
23069S,2,47.8,21.8
23069S,3,53.5,20
23069S,1,52.4,26.6
23069S,2,50.2,27.3
23069S,3,44.4,23.5
23069S,1,66.3,21.7
23069S,2,57.7,27.1
23069S,3,47.9,25.6
23069S,1,62.1,10.1
23069S,2,60.2,20.1
23069S,3,74.4,9.4
23069S,1,55.6,14.8
23069S,2,51.4,22.4
23069S,3,66.4,10.6
23079S,1,40.8,54.14
23079S,2,22.67,77.02
23079S,3,18.72,80.58
23079S,1,59.18,33.98
23079S,2,44.4,53
23079S,3,31.2,68.2
23079S,1,86.8,9.7
23079S,2,91.8,6.1
23079S,3,96.4,2.7
23079S,1,79.7,15.3
23079S,2,88.9,6.9
23079S,3,96.2,3.4
23079S,1,66.8,28.6
23079S,2,74.8,19.3
23079S,3,91.6,7.3
23079S,1,45.8,47.4
23079S,2,47.1,49
23079S,3,71.8,27.1
23079S,1,46.7,44.9
23079S,2,45.3,50.7
23079S,3,70.2,29
23080S,1,33.27,63.12
23080S,2,14.62,82.78
23080S,3,21.25,77.34
23080S,1,36.7,57.31
23080S,2,17.31,81.37
23080S,3,23.6,74.1
23080S,1,63.7,28.1
23080S,2,88.6,10.6
23080S,3,87.5,10.1
23080S,1,63.9,29.8
23080S,2,94.3,5.5
23080S,3,90.7,7.1
23080S,1,58.95,35.34
23080S,2,87.19,11.51
23080S,3,92.8,4.1
23080S,1,53.4,40.7
23080S,2,85.5,13
23080S,3,88.5,8.9
23080S,1,52,39.5
23080S,2,75.35,20.6
23080S,3,80.9,11.3
23081S,1,38.03,57.23
23081S,2,24.79,74.01
23081S,3,11,88.5
23081S,1,50.97,43.48
23081S,2,34.9,64.2
23081S,3,24.8,74.4
23081S,1,83.1,13.8
23081S,2,70.5,28.9
23081S,3,86.4,13.5
23081S,1,90,5.8
23081S,2,99.1,0.3
23081S,3,71,28.2
23081S,1,91.1,5.7
23081S,2,99.1,0.3
23081S,3,60.88,37.62
23081S,1,86.7,9.5
23081S,2,92.6,6
23081S,3,50.2,48.7
23081S,1,72.5,22.4
23081S,2,90,8.2
23081S,3,64.8,33.4
23082S,1,94.11,2.35
23082S,2,95.66,1.38
23082S,3,91.42,7.59
23082S,1,93.74,4.4
23082S,2,91.4,5.96
23082S,3,83.18,15.4
23082S,1,88.63,8.43
23082S,2,83.88,13.84
23082S,3,68.95,28.89
23082S,1,72.12,22.25
23082S,2,68.86,28.52
23082S,3,58.1,40.5
23082S,1,54.1,38.9
23082S,2,49.14,45.95
23082S,3,33.44,63.11
23082S,1,35.94,59.05
23082S,2,41,56
23082S,3,37.41,56.26
23082S,1,28.51,67.85
23082S,2,39.71,59.29
23082S,3,29.9,69.1
23082S,1,27.08,69.52
23082S,2,43.61,54.39
23082S,3,38.38,60.21
23082S,1,24.59,74.1
23082S,2,34.85,64.46
23082S,3,33.7,65.4
23082S,1,15.1,82.29
23082S,2,22.83,74.97
23082S,3,30.6,67
23082S,1,16.52,80.88
23082S,2,25.53,72.77
23082S,3,26.72,71.38
23082S,1,17.83,80.87
23082S,2,31.63,68
23082S,3,46,51.9
23082S,1,14.53,84.66
23082S,2,16.02,82.48
23082S,3,31.54,67.76
23082S,1,21.5,77.8
23082S,2,18.41,80.99
23082S,3,27.12,72.28
23082S,1,23.97,74.2
23082S,2,18.51,79.95
23082S,3,26.01,73.18
23082S,1,82.4,16
23082S,2,88.4,10.5
23082S,3,96.2,3.1
23082S,1,97.1,1.7
23082S,2,95.9,0.3
23082S,3,97,1.1
23082S,1,97.3,1.6
23082S,2,98.8,0.3
23082S,3,98.5,0.7
23082S,1,94.5,4
23082S,2,96.1,2.6
23082S,3,94.8,3.9
23082S,1,91.7,5.5
23082S,2,97.5,2
23082S,3,96,3.3
23082S,1,87.2,10.8
23082S,2,96.4,3
23082S,3,90.1,8.7
23082S,1,65.8,30.6
23082S,2,87.7,11.2
23082S,3,73.2,25.4
23082S,1,39.1,59.3
23082S,2,70.2,28.5
23082S,3,47.5,52.1
23082S,1,17.1,80.2
23082S,2,45.1,54.2
23082S,3,37.2,61.2
23082S,1,37.3,60.9
23082S,2,44,54.7
23082S,3,34.3,64.9
14123S,1,25.69,16.59
14123S,2,25.54,16.48
14123S,3,46.11,26.59
14123S,1,40.36,20.09
14123S,2,44.12,16.71
14123S,3,51.68,32.59
14123S,1,31.14,19.48
14123S,2,37.67,19.29
14123S,3,43.53,32.06
14123S,1,38.4,21
14123S,2,33.05,21.54
14123S,3,48.69,31.4
14123S,1,36.4,19.4
14123S,2,38.86,21
14123S,3,52.35,29.76
14123S,1,37.27,19.55
14123S,2,36.07,23.31
14123S,3,47.45,31.77
14123S,1,36.51,19.93
14123S,2,42.45,23.23
14123S,3,48.64,30.15
14123S,1,39.4,16.4
14123S,2,55.64,22.26
14123S,3,54.25,26.23
14123S,1,41.4,21.65
14123S,2,49.65,23.82
14123S,3,53.95,30.21
14123S,1,43.04,16.62
14123S,2,59,17
14123S,3,62.3,24.8
14123S,1,37.73,18.67
14123S,2,56.28,19.61
14123S,3,54.5,33.13
14123S,1,35.3,26.2
14123S,2,46,22.6
14123S,3,52.3,35.37
14123S,1,33.37,28.46
14123S,2,47.44,28.43
14123S,3,44.61,38.38
14123S,1,36.8,29
14123S,2,49.9,25.5
14123S,3,44.4,41.1
14123S,1,41.7,25.2
14123S,2,48.2,29.2
14123S,3,45.4,41.4
14123S,1,44.8,30.4
14123S,2,42.3,30
14123S,3,55.1,30.1
14123S,1,72,17.1
14123S,2,64.7,3
14123S,3,82.5,8.3
14123S,1,65.4,11
14123S,2,47.9,0.5
14123S,3,84.1,2.9
14126S,1,43.98,29.88
14126S,2,38.96,35.26
14126S,3,38.29,37.3
14126S,1,55.27,34.17
14126S,2,58,36.05
14126S,3,49.67,35.23
14126S,1,42.53,41.66
14126S,2,47.26,38.68
14126S,3,44.96,44.03
14126S,1,48.8,37.1
14126S,2,46.8,39.14
14126S,3,49.4,39.6
14126S,1,42.89,45.66
14126S,2,51.09,40.98
14126S,3,42.53,45.78
14126S,1,41,45.91
14126S,2,41.63,46.14
14126S,3,43.64,44.88
14126S,1,39.31,40.89
14126S,2,45.03,45.26
14126S,3,49.06,38.92
14126S,1,40.54,48.07
14126S,2,44.08,48.8
14126S,3,47.76,41.01
14126S,1,36.43,51.8
14126S,2,40.66,50.31
14126S,3,41.43,48.09
14126S,1,38.5,51.5
14126S,2,41.18,51.91
14126S,3,39.68,49.71
14126S,1,41.06,47.68
14126S,2,42.24,51.54
14126S,3,41.11,51.59
14126S,1,41.7,47.29
14126S,2,40.42,52.16
14126S,3,44.14,47.37
14126S,1,39.9,45.3
14126S,2,41.56,51.4
14126S,3,42.2,50.2
14126S,1,42.3,50.5
14126S,2,44.4,48.9
14126S,3,41.9,49.1
14126S,1,41,51.5
14126S,2,41,52.7
14126S,3,43.59,47.9
14126S,1,52.1,38
14126S,2,53.6,38
14126S,3,52.2,41.2
14126S,1,89.4,2.7
14126S,2,87.2,4.1
14126S,3,85.5,6.8
14126S,1,83.9,2.8
14126S,2,89.1,4.3
14126S,3,88.3,2.9
14114S,1,38.01,24.45
14114S,2,42.81,23.73
14114S,3,46.68,19.84
14114S,1,43.37,22.24
14114S,2,41.37,25.77
14114S,3,43.26,22.2
14114S,1,49.2,22.05
14114S,2,50.15,28.2
14114S,3,52.62,29.11
14114S,1,39.88,22.83
14114S,2,43.99,24.32
14114S,3,41.44,21.73
14114S,1,47.1,16.4
14114S,2,53.98,17.62
14114S,3,53.35,16.64
14114S,1,49.24,16.24
14114S,2,56.27,19.04
14114S,3,53.92,16.13
14114S,1,49.62,18.34
14114S,2,50.74,20.35
14114S,3,56.26,15.24
14114S,1,49.57,16.34
14114S,2,51.59,19.1
14114S,3,53.62,17.63
14114S,1,44.65,20.02
14114S,2,56.17,19
14114S,3,54.22,18.37
14114S,1,49.59,17.72
14114S,2,54.5,19.4
14114S,3,54.26,21.32
14114S,1,46.2,19.1
14114S,2,57.14,20.65
14114S,3,54.34,20.52
14114S,1,46.9,18.18
14114S,2,55.6,20.99
14114S,3,52.39,24.18
14114S,1,46.67,21.68
14114S,2,50.7,18.8
14114S,3,54.55,21.78
14114S,1,40.19,26.3
14114S,2,49.08,28.28
14114S,3,48.06,24.98
14114S,1,45.85,18.83
14114S,2,52.4,20.3
14114S,3,51.9,24.9
14114S,1,38.94,32.02
14114S,2,49.9,23.5
14114S,3,49.8,25.4
14114S,1,42.6,27.8
14114S,2,45.1,35.9
14114S,3,58.6,20.2
14114S,1,64.6,13.3
14114S,2,68.5,14.3
14114S,3,71,8.5
14114S,1,69.3,17.1
14114S,2,74.2,12
14114S,3,71.1,10.7
14116S,1,59.98,11.05
14116S,2,51.74,18.3
14116S,3,51.65,21.55
14116S,1,65.71,8.12
14116S,2,57.83,12.73
14116S,3,60.17,20.43
14116S,1,58.85,6.93
14116S,2,55.38,12.24
14116S,3,52.26,16.85
14116S,1,62.62,7.5
14116S,2,57.59,13.14
14116S,3,59.65,13.12
14116S,1,61.06,6.97
14116S,2,57.83,14.24
14116S,3,53.78,16.83
14116S,1,62.11,6.67
14116S,2,56.69,12.46
14116S,3,56.79,18.88
14116S,1,66.7,8.55
14116S,2,61.44,14.2
14116S,3,58.89,14.01
14116S,1,67.82,8.14
14116S,2,66.78,10.46
14116S,3,63.18,14.81
14116S,1,68.18,7.91
14116S,2,57.77,11.98
14116S,3,55.31,21.15
14116S,1,65.82,14.18
14116S,2,59.56,13.71
14116S,3,60.44,19.26
14116S,1,57.89,13.98
14116S,2,53.57,14.9
14116S,3,56,20.39
14116S,1,57.7,13
14116S,2,57.31,16.93
14116S,3,53,19.8
14116S,1,58.97,15.39
14116S,2,60.46,19.52
14116S,3,50.21,28.15
14116S,1,56.95,17.42
14116S,2,54.56,21.02
14116S,3,49.5,28.2
14116S,1,56.2,17.9
14116S,2,50.8,25.8
14116S,3,43.44,31.54
14116S,1,55.5,18.3
14116S,2,41.24,28.52
14116S,3,46.9,29.1
14116S,1,78.5,4.1
14116S,2,74.1,8.5
14116S,3,69.1,14.1
14116S,1,83.9,5
14116S,2,85.4,5.3
14116S,3,78.3,10.3
14143S,1,57.73,21.95
14143S,2,55.16,20.32
14143S,3,43.71,21.06
14143S,1,66.04,19.97
14143S,2,70.33,21.24
14143S,3,63.75,16.26
14143S,1,59.39,20.74
14143S,2,55.02,19.25
14143S,3,54.88,14.84
14143S,1,64.22,15.45
14143S,2,63.18,15.94
14143S,3,63.8,9.6
14143S,1,60.26,19.57
14143S,2,64.72,21.37
14143S,3,66.82,10.01
14143S,1,59.49,17.7
14143S,2,60.58,19.51
14143S,3,61.76,11.49
14143S,1,64.94,18.47
14143S,2,60.92,20.3
14143S,3,59.9,11.19
14143S,1,63.18,21.21
14143S,2,55.2,25.7
14143S,3,62.94,16.03
14143S,1,69.04,18.04
14143S,2,63.93,26.24
14143S,3,62.47,15.22
14143S,1,63.54,24.86
14143S,2,58.14,30.34
14143S,3,68.3,18.7
14143S,1,63.81,19.01
14143S,2,53.55,31.81
14143S,3,63.46,21.19
14143S,1,66.58,20.28
14143S,2,54.92,30.26
14143S,3,58.5,24.9
14143S,1,59.1,24.02
14143S,2,50.29,35.97
14143S,3,53.07,24.94
14143S,1,65.56,19.82
14143S,2,51.5,39.6
14143S,3,56.4,27.6
14143S,1,62.8,28.7
14143S,2,47.84,41.85
14143S,3,54.36,32.44
14143S,1,60.7,30.8
14143S,2,46.7,43.2
14143S,3,50.1,34.6
14143S,1,77.95,8.32
14143S,2,83.5,8.7
14143S,3,78.3,9.8
14143S,1,81.2,7.1
14143S,2,68.2,4.1
14143S,3,78.69,3
14137S,1,90.09,7.54
14137S,2,81.04,14.37
14137S,3,75.07,17.49
14137S,1,70.28,20.37
14137S,2,65.96,23
14137S,3,62.56,25.81
14137S,1,60.47,30.87
14137S,2,55.97,33
14137S,3,50.18,34.45
14137S,1,40.47,51.5
14137S,2,37.1,50.8
14137S,3,42.06,42.8
14137S,1,29.83,57.95
14137S,2,26.77,62.71
14137S,3,36.77,47.53
14137S,1,18.36,73.01
14137S,2,24.83,63.99
14137S,3,27.57,58.49
14137S,1,27.21,64.76
14137S,2,30.79,64.67
14137S,3,33.07,56.48
14137S,1,32.31,61.81
14137S,2,32.26,62.42
14137S,3,30.24,58.31
14137S,1,33.5,61.46
14137S,2,37.57,57.83
14137S,3,34.45,54.65
14137S,1,43.33,51.4
14137S,2,39.27,57.6
14137S,3,32.58,58.81
14137S,1,32.17,61.24
14137S,2,40.37,54.69
14137S,3,35,55.87
14137S,1,50.54,43.41
14137S,2,52.25,41.74
14137S,3,54.66,31.83
14137S,1,58.78,34.31
14137S,2,62.71,30.29
14137S,3,60.09,26.75
14137S,1,56.64,34.33
14137S,2,50.76,40.03
14137S,3,51.4,33.9
14137S,1,46.8,44.9
14137S,2,49,42
14137S,3,48.8,39.5
14137S,1,59.1,34.3
14137S,2,58.6,32.3
14137S,3,63.8,24.3
14137S,1,67.8,27.6
14137S,2,67.14,26.65
14137S,3,66.6,21.6
14137S,1,85.7,9
14137S,2,83.8,8.8
14137S,3,81.3,7.7
14138S,1,77.95,14.3
14138S,2,86.4,6.83
14138S,3,80.55,10.16
14138S,1,71,15.06
14138S,2,77.81,8.35
14138S,3,71.72,13.96
14138S,1,62.4,22.73
14138S,2,75.14,15.62
14138S,3,68.76,20.33
14138S,1,58.89,28.15
14138S,2,65.73,24.67
14138S,3,66.78,27.57
14138S,1,47.45,35.75
14138S,2,53.81,33.58
14138S,3,57.89,29.3
14138S,1,35.34,46.68
14138S,2,39.13,45.24
14138S,3,54.47,37.85
14138S,1,26.89,59.19
14138S,2,28.93,59.88
14138S,3,49.49,44.3
14138S,1,30.77,57.66
14138S,2,35.23,57.82
14138S,3,48.37,46.59
14138S,1,27.06,63.95
14138S,2,34.33,57.71
14138S,3,43.96,51.33
14138S,1,25.35,65.92
14138S,2,32,63
14138S,3,39.42,55.43
14138S,1,33.48,57.58
14138S,2,31.71,62.35
14138S,3,46.76,51.03
14138S,1,30.64,61.6
14138S,2,29.35,64.44
14138S,3,45.6,51.29
14138S,1,40.27,51.4
14138S,2,45.89,50.49
14138S,3,54.16,43.53
14138S,1,68.9,22.9
14138S,2,72.2,22.9
14138S,3,70.01,27.13
14138S,1,54.6,31.1
14138S,2,61.2,31.4
14138S,3,59.7,38.1
14138S,1,43.6,44.3
14138S,2,56.6,36.4
14138S,3,54.3,43.1
14138S,1,65.5,24.3
14138S,2,77.5,16.8
14138S,3,71.5,24.6
14138S,1,65.2,23.4
14138S,2,76.8,18.1
14138S,3,85.2,12.7
14138S,1,80.3,9.6
14138S,2,89,8.2
14138S,3,94.7,3.9
14139S,1,55.74,17.86
14139S,2,58.2,18.4
14139S,3,54.1,26.84
14139S,1,43.83,25.83
14139S,2,49.58,26.22
14139S,3,49.38,34.1
14139S,1,34.52,38.94
14139S,2,42.67,38.89
14139S,3,43.24,43.16
14139S,1,31.48,45.28
14139S,2,37.31,40.52
14139S,3,39.9,46.4
14139S,1,26,52.22
14139S,2,24.12,49.7
14139S,3,30.52,51.95
14139S,1,18.02,65.51
14139S,2,20.62,56.45
14139S,3,30.55,56.78
14139S,1,23.66,58.47
14139S,2,38.85,45.7
14139S,3,36.2,51.06
14139S,1,29.12,54.93
14139S,2,33,48.35
14139S,3,37.66,53.23
14139S,1,25.94,62.72
14139S,2,29.81,56.12
14139S,3,39,50.9
14139S,1,28.13,58.36
14139S,2,37.64,52.52
14139S,3,45.73,45.48
14139S,1,40.04,50.68
14139S,2,30.83,53.74
14139S,3,40.88,47.57
14139S,1,51.05,39.6
14139S,2,55.01,35.37
14139S,3,49.95,38.46
14139S,1,70,20.7
14139S,3,61.16,27.33
14139S,1,50.1,36.5
14139S,2,51.3,29.4
14139S,3,48.7,41
14139S,1,44.1,37.2
14139S,2,44.3,36.8
14139S,3,47.5,40.7
14139S,1,39.5,42.9
14139S,2,52.8,29.1
14139S,3,66.8,24
14139S,1,79.3,12.4
14139S,2,64,23.7
14139S,3,67.2,25.8
14139S,1,85.8,8.2
14139S,2,81.7,12.6
14139S,3,83.3,9.2
16071S,1,46.92,21.49
16071S,2,40.09,34.09
16071S,3,48.75,30.12
16071S,1,44.69,21.04
16071S,2,41.5,27.4
16071S,3,42.3,31.6
16071S,1,40.64,22.83
16071S,2,39.4,31.4
16071S,3,38.1,41.7
16071S,1,48.9,14.7
16071S,2,50.8,21.7
16071S,3,61.6,20.2
16071S,1,43.4,18
16071S,2,35.7,29.7
16071S,3,51.2,21.8
16071S,1,29.03,26.02
16071S,2,29.7,30.6
16071S,3,45.2,30.4
16071S,1,56.1,13.1
16071S,2,60.9,11.5
16071S,3,72.5,11.2
17016S,1,53.4,17.93
17016S,2,58.16,17.41
17016S,3,62.1,15.5
17016S,1,52.6,12.6
17016S,2,56.85,22.13
17016S,3,53,15.5
17016S,1,48.1,22.1
17016S,2,49.2,21.2
17016S,3,49.6,20.7
17016S,1,61.8,8.7
17016S,2,63.8,10.9
17016S,3,65.2,10.6
17016S,1,56.2,11
17016S,2,63.6,11.8
17016S,3,64.6,11.7
17016S,1,79.38,3.91
17016S,2,81.1,5.6
17016S,3,79.5,5.6
17024S,1,69.9,14.5
17024S,2,70.12,15.44
17024S,3,79.7,8.9
17024S,1,64.74,19.64
17024S,2,62.2,23.1
17024S,3,68.4,16.9
17024S,1,41.4,38.6
17024S,2,50.1,36.6
17024S,3,54.5,26.3
17024S,1,54.46,31.03
17024S,2,55.6,31.4
17024S,3,57.4,27.9
17024S,1,44,42.2
17024S,2,45.9,41.5
17024S,3,42.21,44.35
17024S,1,39.21,45.05
17024S,2,46.6,39.2
17024S,3,44.8,41.8
17024S,1,76.7,8.8
17024S,2,75.1,14.8
17024S,3,77.4,10.4
17034S,1,63.4,13.5
17034S,2,58.21,25.29
17034S,3,61.65,25.61
17034S,1,65.8,16.4
17034S,2,57.8,29.2
17034S,3,59.57,23.22
17034S,1,48.43,31.13
17034S,2,37.5,45.2
17034S,3,42.2,43.7
17034S,1,59.1,23.3
17034S,2,67.9,20
17034S,3,69.57,21.02
17034S,1,41.8,41
17034S,2,43.4,38.6
17034S,3,47.1,38.7
17034S,1,36.2,46.5
17034S,2,33.9,54.4
17034S,3,36.5,50.1
17034S,1,64.1,23
17034S,2,57.3,31.1
17034S,3,56.97,30.22
17063A,1,85.2,7.2
17063A,2,85.98,5.91
17063A,3,88.8,3.7
17063A,1,87.11,5.57
17063A,2,86.48,5.71
17063A,3,84.8,3.93
17063A,1,83.1,9.2
17063A,2,80.8,7.6
17063A,3,83.2,6.4
17063A,1,85.89,7.81
17063A,2,81.7,8.8
17063A,3,82.5,5.8
17063A,1,62.5,31.4
17063A,2,53.6,36.9
17063A,3,71.9,18.8
17063A,1,83.8,8.5
17063A,2,85.1,7.6
17063A,3,81.9,5.9
17064S,1,75.65,6.43
17064S,2,70.58,4.01
17064S,3,73.3,7.26
17064S,1,85.59,7.09
17064S,2,93.8,2.89
17064S,3,95.85,2.22
17064S,1,66,21.2
17064S,2,70.8,18.4
17064S,3,80.6,13
17064S,1,79.4,16.1
17064S,2,69.5,23.9
17064S,3,73.7,21.6
17064S,1,28.9,56.4
17064S,2,24.8,64.2
17064S,3,20.6,68.3
17064S,1,87.6,2.6
17064S,2,88.9,5.1
17064S,3,93.2,2.5
17014S,1,73.1,14.4
17014S,2,68.49,13.74
17014S,3,67.9,18.3
17014S,1,65.1,16.5
17014S,2,67.2,15.4
17014S,3,61.47,22.52
17014S,1,63.3,21
17014S,2,55.8,23.5
17014S,3,64.2,20.8
17014S,1,75.4,10.9
17014S,2,80.3,9.8
17014S,3,86.2,7.6
17014S,1,73.9,12.4
17014S,2,71.4,16.4
17014S,3,74,10.1
17014S,1,85.3,4.5
17014S,2,86.5,3.8
17014S,3,92,3.1
20309S,1,48.86,41.53
20309S,2,39.43,42.96
20309S,3,40.55,49.31
20309S,1,72.1,12.7
20309S,2,40.26,45.9
20309S,3,36.41,47.6
20309S,1,70.5,10.8
20309S,2,69.87,15.22
20309S,3,58.4,25.5
20309S,1,63.9,12.7
20309S,2,60.3,25.3
20309S,3,77.7,8.2
20309S,1,53,9.7
20309S,2,58.4,20.4
20309S,3,56.9,20.4
20309S,1,42.3,20.1
20309S,2,40.9,35.1
20309S,3,43.5,32.3
20309S,1,89.4,4.5
20309S,2,63,20.5
20309S,3,60.8,21.1
20348S,1,55.4,34.8
20348S,2,64.6,7.2
20348S,3,57.9,24.2
20348S,1,59.44,30.64
20348S,2,67.9,8.6
20348S,3,58.47,22.78
20348S,1,71.6,18.7
20348S,2,70.2,5.2
20348S,3,64.1,19.4
20348S,1,58.4,17.8
20348S,2,74.7,5.1
20348S,3,60.8,24.1
20348S,1,64.5,20.1
20348S,2,67.6,6.5
20348S,3,64.6,21.2
20348S,1,76.5,10
20348S,2,73.4,6.4
20348S,3,75,15
20348S,1,76,10.7
20348S,2,75.7,2.9
20348S,3,78.3,15.3
20351A,1,39.3,56.1
20351A,2,41.1,53.9
20351A,3,48.1,44.1
20351A,1,48.57,45.33
20351A,2,51.04,41.29
20351A,3,45.81,42.47
20351A,1,51.7,42
20351A,2,60,32.7
20351A,3,61,29.1
20351A,1,47.8,44.2
20351A,2,57.7,35.8
20351A,3,59.7,28.7
20351A,1,43.4,49.8
20351A,2,50,40.7
20351A,3,47.95,41.53
20351A,1,63.6,30.3
20351A,2,61.3,31.6
20351A,3,70.35,14.83
20351A,1,88.8,9.1
20351A,2,90.89,6.97
20351A,3,82.7,11.4
20351B,1,72.9,20.1
20351B,2,67.37,26.02
20351B,3,55.1,31.5
20351B,1,63.71,25.87
20351B,2,56.27,35.99
20351B,3,47.49,33.33
20351B,1,79.1,14.2
20351B,2,76.7,19.1
20351B,3,67.6,18.5
20351B,1,75.5,15.8
20351B,2,75.4,19.3
20351B,3,61.6,22.3
20351B,1,64.7,26.4
20351B,2,58.7,26.5
20351B,3,57.3,25.4
20351B,1,85.2,12.8
20351B,2,85.1,12.1
20351B,3,74.9,18.2
20351B,1,67.9,23
20351B,2,67.8,26
20351B,3,69.8,18.6
20353S,1,58.6,35.6
20353S,2,64.4,31.1
20353S,3,47.8,47.9
20353S,1,60.76,34.22
20353S,2,53.65,40.48
20353S,3,50.25,44.34
20353S,1,83.1,10.7
20353S,2,81.4,14.5
20353S,3,86.2,9.4
20353S,1,82.2,13.2
20353S,2,77.07,16.53
20353S,3,84.3,8.5
20353S,1,80.1,15.1
20353S,2,72.9,20.9
20353S,3,75.4,17.4
20353S,1,78.6,16.6
20353S,2,63.1,30.8
20353S,3,61.05,33.04
20353S,1,73.3,22.8
20353S,2,68.2,25
20353S,3,61.1,34
21025S,1,32.11,21.24
21025S,2,41.41,26.29
21025S,3,34.6,37.46
21025S,1,33.01,27.18
21025S,2,45.97,24.74
21025S,3,37.68,38.34
21025S,1,37.94,28.42
21025S,2,46.5,25.4
21025S,3,43.3,39.2
21025S,1,37.2,26.5
21025S,2,43.8,24.9
21025S,3,52.2,22.6
21025S,1,35.5,21.2
21025S,2,45.5,22.9
21025S,3,52.1,23.6
21025S,1,29.02,29.54
21025S,2,44.3,25.3
21025S,3,45,36.9
21025S,1,66,11.2
21025S,2,73.5,8.8
21025S,3,86.7,4.3
21060S,1,52.1,38
21060S,2,53.93,40.65
21060S,3,36.67,57.02
21060S,1,76.2,13.6
21060S,2,61.52,34.56
21060S,3,39.23,54.21
21060S,1,86,4.8
21060S,2,95.2,3.5
21060S,3,88.6,10.3
21060S,1,81.5,5.1
21060S,2,93.8,3.4
21060S,3,92.3,4.3
21060S,1,83.4,4.3
21060S,2,90.5,3.2
21060S,3,79.4,9
21060S,1,96.2,0.8
21060S,2,94.3,2.9
21060S,3,89.5,6.2
21060S,1,97.9,0.9
21060S,2,95.3,1.5
21060S,3,93.1,3.4
21062S,1,67.5,27.7
21062S,2,60.6,34
21062S,3,59.02,36.47
21062S,1,62.57,28.25
21062S,2,57.26,35.81
21062S,3,53.75,37.87
21062S,1,62.2,26.1
21062S,2,60.9,32.5
21062S,3,64.8,30.5
21062S,1,73.5,17.2
21062S,2,72.9,21.5
21062S,3,77.7,17.8
21062S,1,83.1,11.6
21062S,2,78.3,18.4
21062S,3,83.78,12.71
21062S,1,88.6,5.5
21062S,2,88.4,9
21062S,3,92.5,4.7
21062S,1,90.8,3.3
21062S,2,94.4,2.7
21062S,3,94.6,2.8
21064S,1,51,45.6
21064S,2,52.2,43
21064S,3,62,30.4
21064S,1,58.67,35.11
21064S,2,55.15,37.02
21064S,3,63.32,31.77
21064S,1,73.7,17.1
21064S,2,76.7,18.8
21064S,3,90.2,8.1
21064S,1,81.5,12.3
21064S,2,85.19,11.4
21064S,3,91.5,5.4
21064S,1,83.7,14.3
21064S,2,81.9,13.1
21064S,3,92.31,4.75
21064S,1,88.9,8.4
21064S,2,84.7,8.9
21064S,3,84.7,9.7
21064S,1,93.1,4.8
21064S,2,90.8,3.6
21064S,3,86.3,6.3
21591S,1,44.9,35.6
21591S,2,51.7,24.3
21591S,3,59.6,27.7
21591S,1,49.9,18.3
21591S,2,46.01,27.61
21591S,3,50.74,34.28
21591S,1,48.4,17.9
21591S,2,54.6,19.8
21591S,3,58.43,26.65
21591S,1,40.2,14.7
21591S,2,48.9,23.9
21591S,3,50.9,30.1
21591S,1,27.2,17.6
21591S,2,45.9,29.3
21591S,3,54.7,30.7
21591S,1,79,7.7
21591S,2,70.3,16.9
21591S,3,77.6,13.9
21591S,1,73.8,7.5
21591S,2,67.2,16.6
21591S,3,77.87,13.62
21139S,1,45,21.2
21139S,2,62.9,26
21139S,3,63.5,19.1
21139S,1,39.28,18.61
21139S,2,64.9,22.6
21139S,3,54.26,22.14
21139S,1,49.9,16.6
21139S,2,64.7,18
21139S,3,74.8,15.9
21139S,1,48.28,26.75
21139S,2,66.3,22.7
21139S,3,75.2,14.5
21139S,1,50.1,24.7
21139S,2,59.4,22.5
21139S,3,68.1,12.8
21139S,1,31.6,29.1
21139S,2,51,37.9
21139S,3,67.5,21.3
21139S,1,36.9,26.1
21139S,2,54.6,31
21139S,3,62.3,18.7
21187S,1,53.65,33.33
21187S,2,53.5,35.6
21187S,3,54.4,35.1
21187S,1,56.53,32.62
21187S,2,56.8,31.2
21187S,3,56.25,34.13
21187S,1,65.08,25.06
21187S,2,76.42,15.43
21187S,3,88.3,2.5
21187S,1,64.1,25
21187S,2,75.1,11.3
21187S,3,85.1,3.8
21187S,1,68.6,24.4
21187S,2,69,17.7
21187S,3,78.3,7
21187S,1,61.1,28.5
21187S,2,63.4,24.7
21187S,3,69.4,20.8
21187S,1,62.9,30.3
21187S,2,65.5,24.4
21187S,3,67.7,17.6
21245S,1,62.21,31.01
21245S,2,59.3,35.47
21245S,3,60,37.1
21245S,1,62.27,32.41
21245S,2,61.35,33.35
21245S,3,65.21,30.57
21245S,1,92.2,6.8
21245S,2,88.8,10
21245S,3,66.51,29.9
21245S,1,91.3,6.3
21245S,2,84.6,13.4
21245S,3,64.2,33.4
21245S,1,87.9,10.6
21245S,2,77.5,21.5
21245S,3,61.5,34.1
21245S,1,73.6,24.3
21245S,2,60.86,36.04
21245S,3,58.1,38.3
21278S,1,60.7,29
21278S,2,58.3,26.1
21278S,3,58.8,24.3
21278S,1,62.32,25.71
21278S,2,53.13,28.01
21278S,3,57.44,22.84
21278S,1,51.85,32.37
21278S,2,44.53,30.56
21278S,3,48,32
21278S,1,66.2,23.6
21278S,2,70,19.1
21278S,3,60.4,29.4
21278S,1,54.6,35.1
21278S,2,55.5,29.9
21278S,3,59.4,27.4
21278S,1,59.3,31.2
21278S,2,56,27.9
21278S,3,50.4,38
21529S,1,38.98,45.38
21529S,2,35.14,37.27
21529S,3,47.49,27.26
21529S,1,63.7,28.44
21529S,2,62.17,28.48
21529S,3,63.78,29.87
21529S,1,57,34.33
21529S,2,59.7,31.96
21529S,3,56.16,33.11
21529S,1,48.96,39.78
21529S,2,47.61,37.37
21529S,3,44.9,38.9
21529S,1,48.66,44.08
21529S,2,47.65,43.64
21529S,3,47.4,40.74
21529S,1,44.25,48.75
21529S,2,40.56,47.58
21529S,3,40.38,49.21
21529S,1,37.47,53.9
21529S,2,45.28,48.22
21529S,3,38.53,49.46
21529S,1,37.9,56.1
21529S,2,44.35,51.04
21529S,3,38,49.62
21529S,1,30.63,64.56
21529S,2,34.14,61.99
21529S,3,29.9,64.3
21529S,1,33.5,62.1
21529S,2,34.53,61.16
21529S,3,31.6,58.9
21529S,1,40.25,55.73
21529S,2,41.9,53.81
21529S,3,43.46,46.32
21529S,1,40.07,55.48
21529S,2,41.62,51.96
21529S,3,46.3,47.2
21529S,1,47.81,49.76
21529S,2,52.3,43.1
21529S,3,51.05,44.98
21529S,1,53.2,44.2
21529S,2,54.9,42.1
21529S,3,54.1,40.1
21529S,1,88.2,0.7
21529S,2,82.9,0.3
21529S,3,85.4,2.5
21529S,1,86.6,3.3
21529S,2,82.5,2.3
21529S,3,85.7,2.7
21529S,1,82.3,7.6
21529S,2,75.4,8.1
21529S,3,76.9,13.5
21529S,1,67.07,18.32
21529S,2,66.1,23.9
21529S,3,61.6,30.8
21550S,1,43.38,55.22
21550S,2,43.95,54.03
21550S,3,39.3,59.2
21550S,1,40.14,58.53
21550S,2,46.41,51.64
21550S,3,41.08,57.32
21550S,1,96.1,2.7
21550S,2,93.3,5.4
21550S,3,95.5,4.3
21550S,1,95.39,3.11
21550S,2,91.6,7.7
21550S,3,90.96,7.56
21550S,1,88.7,9.2
21550S,2,78.7,17
21550S,3,77.5,20.9
21550S,1,69.3,29.5
21550S,2,50.7,48.3
21550S,3,38.1,61.3
21550S,1,58.3,40
21550S,2,47.6,51.1
21550S,3,41.3,57.8
21556S,1,23.58,66.95
21556S,2,33.64,57.52
21556S,3,37.7,53.02
21556S,1,44.41,49.12
21556S,2,38.58,49.29
21556S,3,43.3,48.03
21556S,1,50.13,43.23
21556S,2,43.8,50.53
21556S,3,47.03,44.84
21556S,1,46.84,44.14
21556S,2,45.58,47.71
21556S,3,47.35,41.49
21556S,1,58,31.51
21556S,2,53.53,36.52
21556S,3,44.4,46.5
21556S,1,76.48,12.42
21556S,2,70.7,17.7
21556S,3,60.3,31.1
21556S,1,75.52,14.61
21556S,2,74.61,15.18
21556S,3,62.47,28.31
21556S,1,83.66,7.17
21556S,2,76.26,13.92
21556S,3,57.76,30.54
21556S,1,84.67,3.52
21556S,2,83.67,7.16
21556S,3,77.27,8.68
21556S,1,89.77,2.05
21556S,2,89.39,3.5
21556S,3,87.18,5.61
21556S,1,91.73,1.79
21556S,2,85.6,4.1
21556S,3,81.69,6.47
21556S,1,88.4,3.5
21556S,2,82.59,7.36
21556S,3,79.59,6.94
21556S,1,83.58,6.4
21556S,2,79.16,11.42
21556S,3,78.49,8.71
21556S,1,75.9,14.5
21556S,2,68.7,18.3
21556S,3,72.3,17.3
21556S,1,65,26.5
21556S,2,50.6,38.8
21556S,3,56.1,34.1
21556S,1,92,6.5
21556S,2,90.9,6.9
21556S,3,92.1,5.4
21556S,1,87.9,9.7
21556S,2,85.8,9.5
21556S,3,84.7,12.6
21556S,1,78.7,17.1
21556S,2,71.9,18
21556S,3,71,23.1
21556S,1,54.1,31.9
21556S,2,54.06,32.53
21556S,3,60.5,34.6
21572S,1,94.1,3.4
21572S,2,91.79,7.31
21572S,3,89.28,6.21
21572S,1,85.17,12.11
21572S,2,88.31,9.98
21572S,3,80.49,16.99
21572S,1,78.8,16.8
21572S,2,79.8,17.6
21572S,3,77.38,18.82
21572S,1,61,37.2
21572S,2,61.5,36.4
21572S,3,62.7,33.8
21572S,1,37.1,60.6
21572S,2,37.8,58.7
21572S,3,48.3,49.4
21572S,1,47.7,50.4
21572S,2,48.9,47.8
21572S,3,52,45.1
21572S,1,42.9,55.2
21572S,2,44.1,54.3
21572S,3,48.1,49.4
21584S,1,72.9,21.8
21584S,2,90.1,8.1
21584S,3,87.49,4.5
21584S,1,62.38,29.52
21584S,2,75.85,20.91
21584S,3,70.98,15.61
21584S,1,44.2,39.6
21584S,2,59.2,35.7
21584S,3,79.7,11.8
21584S,1,36.1,54.1
21584S,2,43,50.7
21584S,3,61.7,31.4
21584S,1,26.1,65.5
21584S,2,30.5,64
21584S,3,38.5,51
21584S,1,22.1,67.4
21584S,2,30.1,65.9
21584S,3,23.5,70.8
21584S,1,89.7,4.4
21584S,2,94.7,2.9
21584S,3,97.8,0.5
21588S,1,53.5,25.9
21588S,2,58.17,18.65
21588S,3,74.17,11.42
21588S,1,37.55,38.85
21588S,2,38.91,41.72
21588S,3,52.05,32.15
21588S,1,36.4,38.1
21588S,2,31.7,45.9
21588S,3,48.94,34.04
21588S,1,36.4,38.6
21588S,2,36.5,40.1
21588S,3,44,39.3
21588S,1,31.2,43.3
21588S,2,30.2,46.7
21588S,3,43.6,39.2
21588S,1,31.4,42.7
21588S,2,29.3,51.6
21588S,3,41.74,43.45
21588S,1,77.1,3.8
21588S,2,72,2.4
21588S,3,84.5,2.3
22084S,1,82.4,10.1
22084S,2,83.6,6.5
22084S,3,87,8.4
22084S,1,67.8,23.13
22084S,2,73.72,15.41
22084S,3,73.59,21.07
22084S,1,92.4,4.2
22084S,2,90.2,8
22084S,3,86.9,8.7
22084S,1,89.7,8.3
22084S,2,73.1,19.3
22084S,3,78.4,14.4
22084S,1,76.8,20
22084S,2,69.1,22.3
22084S,3,69.1,27.16
22084S,1,43,54
22084S,2,44.4,48.7
22084S,3,57.4,37.4
22084S,1,54.8,38.3
22084S,2,43.8,51.4
22084S,3,47.7,49.1
22088S,1,56.37,36.33
22088S,2,57.72,36.76
22088S,3,67.2,26.64
22088S,1,57.09,33.29
22088S,2,73.14,16.87
22088S,3,70.88,14.37
22088S,1,59.54,32.83
22088S,2,72.58,19.23
22088S,3,72.06,15.54
22088S,1,68.87,21.24
22088S,2,71.41,19.04
22088S,3,66.32,20.26
22088S,1,66.07,19.73
22088S,2,70.84,15.26
22088S,3,62.95,17.28
22088S,1,65.53,21.13
22088S,2,64.65,21.44
22088S,3,59.47,20.37
22088S,1,58.43,32.88
22088S,2,59.86,28.43
22088S,3,54.06,28.97
22088S,1,53.39,36.23
22088S,2,59.53,31.21
22088S,3,53.05,31.84
22088S,1,45.8,44.4
22088S,2,47.92,39.76
22088S,3,51.04,31.25
22088S,1,39.84,45.81
22088S,2,41.41,45.12
22088S,3,48.54,36.64
22088S,1,31.05,54.06
22088S,2,35.41,46.9
22088S,3,39.24,40.86
22088S,1,33.45,55.51
22088S,2,37.03,49.27
22088S,3,38.85,44.66
22088S,1,29.8,60.67
22088S,2,34.4,52.08
22088S,3,38.25,48.11
22088S,1,36.6,56
22088S,2,37.36,55.39
22088S,3,39.72,48.13
22088S,1,33.63,58.16
22088S,2,37.8,54.4
22088S,3,39.5,48.5
22088S,1,69.9,27.37
22088S,2,71.9,25.5
22088S,3,61.4,29.9
22088S,1,67.8,28.4
22088S,2,68.7,27.4
22088S,3,43.1,47.6
22088S,1,48.78,46.11
22088S,2,50.74,45.69
22088S,3,35.6,55.3
22088S,1,28.65,67.34
22088S,2,39.68,57.11
22088S,3,33.44,59.06
22102S,1,56.79,23.88
22102S,2,56.56,21.87
22102S,3,49.22,19.94
22102S,1,49.86,25.66
22102S,2,52.27,21.38
22102S,3,40.61,21.07
22102S,1,47.78,21.63
22102S,2,44.66,20.52
22102S,3,36.42,21.7
22102S,1,44.86,30.98
22102S,2,46.74,25.37
22102S,3,39.64,22.07
22102S,1,39.63,31.96
22102S,2,38.92,29.59
22102S,3,31.28,26.85
22102S,1,32.29,35.45
22102S,2,34.37,31.1
22102S,3,28.93,33.07
22102S,1,35.34,37.08
22102S,2,36.46,35.65
22102S,3,40.58,31.2
22102S,1,36.63,38.6
22102S,2,36.71,32.69
22102S,3,37.31,35.03
22102S,1,28.15,37.49
22102S,2,30.27,38.45
22102S,3,29.67,33.35
22102S,1,24.73,45.95
22102S,2,25,42.7
22102S,3,23.2,37.9
22102S,1,27.97,47.02
22102S,2,28.01,43.22
22102S,3,26.62,41.04
22102S,1,31.53,42.37
22102S,2,26.48,42.04
22102S,3,30.38,36.72
22102S,1,32.51,43.77
22102S,2,35.14,38.34
22102S,3,30.32,36.67
22102S,1,36.4,41.6
22102S,2,33.75,37.44
22102S,3,37.1,33.8
22102S,1,33.17,39.95
22102S,2,31.91,37.91
22102S,3,34.47,30.27
22102S,1,39,36.6
22102S,2,33.4,33
22102S,3,35,26.8
22102S,1,38.2,35.2
22102S,2,36.7,34.5
22102S,3,32.66,27.37
22102S,1,39.3,32.5
22102S,2,41.9,23.6
22102S,3,38.03,25.93
22102S,1,41,34.5
22102S,2,42.7,27.1
22102S,3,36.2,26.5
22102S,1,33.9,35.4
22102S,2,40.5,29.8
22102S,3,36.1,30.1
22102S,1,28.9,41.3
22102S,2,32.5,32.4
22102S,3,28.3,35.4
22102S,1,27.6,44.3
22102S,2,38,34.9
22102S,3,34.8,28.7
22102S,1,28.9,45.2
22102S,2,29.6,40.7
22102S,3,28.8,38.7
22102S,1,33.6,40.3
22102S,2,35.23,39.04
22102S,3,34.43,35.73
22102S,1,65.6,12.3
22102S,2,33.2,39.2
22102S,3,36.1,32
22104S,1,46.26,35.35
22104S,2,49.54,37.39
22104S,3,51.95,37.58
22104S,1,36.37,46.5
22104S,2,41.59,47.02
22104S,3,48.35,38.9
22104S,1,40.52,50.01
22104S,2,42.88,49.17
22104S,3,41.52,49.25
22104S,1,34.03,51.19
22104S,2,36.35,53.83
22104S,3,39.15,50.99
22104S,1,70.5,20.5
22104S,2,32.05,60.66
22104S,3,34.23,56.86
22104S,1,71.12,18.76
22104S,2,53.75,42.38
22104S,3,48.43,44.04
22104S,1,78.62,9.79
22104S,2,65.23,31.4
22104S,3,51.61,40.05
22104S,1,80.97,9.02
22104S,2,68.12,25.49
22104S,3,57.92,34.45
22104S,1,82.6,8.2
22104S,2,65.92,28.14
22104S,3,63.47,23.02
22104S,1,79.26,9.74
22104S,2,83.13,11.12
22104S,3,80.94,11.21
22104S,1,80.04,11.84
22104S,2,78.82,12.91
22104S,3,77.76,13.99
22104S,1,75.47,14.21
22104S,2,78.95,17.84
22104S,3,81.07,13.39
22104S,1,60.17,29.22
22104S,2,73.52,22.78
22104S,3,77.4,18
22104S,1,48.3,45.1
22104S,2,56.4,39.5
22104S,3,62.3,30.3
22104S,1,45.8,47.6
22104S,2,43.7,52.7
22104S,3,42.64,50.85
22104S,1,31.7,59.3
22104S,2,29,66.4
22104S,3,31.1,63.2
22104S,1,44.3,47.9
22104S,2,39.7,57.2
22104S,3,50.4,43.6
22104S,1,46.84,46.95
22104S,2,43.38,51.81
22104S,3,43.64,51.15
21296S,1,73.9,8.1
21296S,2,69.2,27.3
21296S,3,58.8,38.8
21296S,1,74.37,9.43
21296S,2,70.79,25.15
21296S,3,62.2,36.1
21296S,1,71.71,14.14
21296S,2,68.54,25.75
21296S,3,56.55,40.48
21296S,1,65.2,12.7
21296S,2,67.3,27.8
21296S,3,57.1,40.4
21296S,1,69.6,16.6
21296S,2,60.7,35.9
21296S,3,57.5,37.5
21296S,1,61.9,14.3
21296S,2,65,29.6
21296S,3,51.9,43.2
21296S,1,63.6,11.4
21296S,2,69.3,25.4
21296S,3,62,33.4
21302S,1,55.9,25
21302S,2,40,36.8
21302S,3,39,32.3
21302S,1,52.66,22.06
21302S,2,45.3,39.1
21302S,3,39.28,28.88
21302S,1,51.41,19.04
21302S,2,33.3,35.5
21302S,3,33.9,29.2
21302S,1,65.2,18.8
21302S,2,80.1,16.6
21302S,3,55.6,15.4
21302S,1,60.1,17.6
21302S,2,72.5,20
21302S,3,38.3,26.9
21302S,1,47.5,22.2
21302S,2,57.2,32
21302S,3,40.4,36.8
21302S,1,54,25.4
21302S,2,50.2,32.6
21302S,3,44.2,30.4
21305S,1,28.69,14.53
21305S,2,27.31,20.59
21305S,3,29.25,15.21
21305S,1,37.88,18.18
21305S,2,22.81,22.96
21305S,3,36.98,13.69
21305S,1,35.7,19.1
21305S,2,33.03,19.86
21305S,3,41.27,15.67
21305S,1,38.8,15.1
21305S,2,31.7,17.32
21305S,3,36.99,16.91
21305S,1,35.93,17.64
21305S,2,30.23,21.43
21305S,3,31.91,18.23
21305S,1,45.36,17.94
21305S,2,40.24,23.19
21305S,3,40.22,20.86
21305S,1,36.6,19.64
21305S,2,39.03,23.97
21305S,3,36.14,17.82
21305S,1,32.06,22.23
21305S,2,33.76,20.13
21305S,3,35.21,16.5
21305S,1,38.98,17.72
21305S,2,31.2,26.5
21305S,3,31.7,19.6
21305S,1,51.55,18.86
21305S,2,54.71,23.55
21305S,3,43.04,22.66
21305S,1,48.82,18.36
21305S,2,52.15,24.43
21305S,3,50.25,22.3
21305S,1,45.41,16.97
21305S,2,36.8,26.9
21305S,3,44.5,21.9
21305S,1,48.9,17.9
21305S,2,34.3,22
21305S,3,45.4,21.1
21305S,1,43.3,19.1
21305S,2,34.26,18.8
21305S,3,41.54,21.11
21305S,1,48.4,17.6
21305S,2,33.63,20.83
21305S,3,40.01,20.73
21305S,1,45.5,17.8
21305S,2,33,23.2
21305S,3,36.4,24.3
21305S,1,40.67,19.68
21305S,2,33.4,23.5
21305S,3,34.55,23.98
21305S,1,61.2,15.6
21305S,2,58.3,14.2
21305S,3,62.5,15.3
21305S,1,64.7,14.2
21305S,2,55,17
21305S,3,66.8,16.2
21305S,1,58.7,17.6
21305S,2,46.3,16.7
21305S,3,57.1,20.5
21305S,1,52.8,18.4
21305S,2,39.7,22.8
21305S,3,56.9,21.7
21305S,1,48.6,18.7
21305S,2,36.9,22.5
21305S,3,43.6,26.1
21305S,1,49.3,18.8
21305S,2,36.4,23.1
21305S,3,39.5,28
21305S,1,46.45,20.42
21305S,2,35.9,23.9
21305S,3,38.7,24.3
21305S,1,50.1,19.6
21305S,2,45.4,21.5
21305S,3,45.4,21.1
21558S,1,36.5,9.2
21558S,2,35.4,16.2
21558S,3,44.59,29.19
21558S,1,41.22,11.25
21558S,2,35.01,12.37
21558S,3,44.3,21.9
21558S,1,47.7,15.5
21558S,2,37.2,13.9
21558S,3,44.6,22.3
21558S,1,59,11.7
21558S,2,60.3,12
21558S,3,81,13.8
21558S,1,47.9,13
21558S,2,57.3,14.6
21558S,3,78.5,15.6
21558S,1,44.1,11.6
21558S,2,35.9,18.1
21558S,3,66.4,22.8
21558S,1,41.8,11.8
21558S,2,37.5,14.8
21558S,3,66,19
21562S,1,29.2,24.96
21562S,2,35.38,32.71
21562S,3,35.22,24.97
21562S,1,29.69,24.93
21562S,2,36.8,32.96
21562S,3,36.48,25.87
21562S,1,34.13,26.9
21562S,2,36.45,35.26
21562S,3,36.31,23.23
21562S,1,31.7,27.8
21562S,2,31.43,39.35
21562S,3,28.17,30.35
21562S,1,29.24,30.49
21562S,2,30.9,34.5
21562S,3,25.75,28.23
21562S,1,36.34,34.06
21562S,2,36.73,34.85
21562S,3,31.96,31.23
21562S,1,36.34,32.78
21562S,2,38.42,34
21562S,3,35.6,29.58
21562S,1,33.2,30.4
21562S,2,33.05,30.11
21562S,3,27.86,32.59
21562S,1,51.2,12.8
21562S,2,50.07,15.49
21562S,3,28.1,31
21562S,1,68.27,5
21562S,2,64.61,8.38
21562S,3,38.81,27.35
21562S,1,67.85,3.8
21562S,2,64.9,9.83
21562S,3,38.42,25.09
21562S,1,67.4,5.6
21562S,2,60.28,11.23
21562S,3,44.05,28.33
21562S,1,60.39,7.72
21562S,2,51.94,13.84
21562S,3,38.11,26.17
21562S,1,53.3,12
21562S,2,39.8,19.5
21562S,3,39.3,25.9
21562S,1,60.4,15.9
21562S,2,63,18
21562S,3,59,18.6
21562S,1,54.3,22.5
21562S,2,65,19
21562S,3,50.6,25.4
21562S,1,32.1,36.8
21562S,2,42.5,32.4
21562S,3,41.2,33.4
21562S,1,30.3,40
21562S,2,33.2,40.3
21562S,3,30.9,36
18051S,1,21.35,53.78
18051S,2,22.48,31.71
18051S,3,30.31,55.95
18051S,1,12.78,53.41
18051S,2,19.06,38
18051S,3,24.21,64.32
18051S,1,13.42,59.06
18051S,2,22.95,34.51
18051S,3,24.97,68.09
18051S,1,13.5,60.6
18051S,2,18.35,39.27
18051S,3,20.7,70.1
18051S,1,13.18,57.87
18051S,2,18.33,41.2
18051S,3,13.1,76.2
18051S,1,26.4,52.8
18051S,2,28,37.5
18051S,3,25.54,68.34
18051S,1,19.51,54.66
18051S,2,39.15,27.56
18051S,3,34.71,55.38
18051S,1,26.05,54.71
18051S,2,57.35,23.52
18051S,3,48.46,46.63
18051S,1,31.13,52.36
18051S,2,55.53,22.4
18051S,3,48.78,45.79
18051S,1,34.6,51.6
18051S,2,47.6,24.6
18051S,3,54.21,42.11
18051S,1,28.7,58.2
18051S,2,49.3,24.6
18051S,3,52.52,39.34
18051S,1,22.1,58.7
18051S,2,50.4,25.2
18051S,3,50.2,46.3
18051S,1,19.4,60.7
18051S,2,36.62,30.85
18051S,3,45.6,51
18051S,1,16.96,65.77
18051S,2,35.61,27.37
18051S,3,39.06,56.84
18051S,1,27.6,59.3
18051S,2,39.5,27.2
18051S,3,34.7,62.8
18051S,1,20.4,66.3
18051S,2,61.9,20.2
18051S,3,69.1,30.3
18051S,1,23.8,69.3
18051S,2,60.9,18.5
18051S,3,70,27.3
18051S,1,22.9,62.5
18051S,2,62.4,16
18051S,3,60.9,37
18051S,1,25.9,39.7
18051S,2,32.7,34.2
18051S,3,53.8,43.2
18065S,1,44.02,38.73
18065S,2,33.4,41.5
18065S,3,26.13,48.3
18065S,1,60.91,26.23
18065S,2,42.74,28.54
18065S,3,45.07,28.4
18065S,1,59.37,24.72
18065S,2,44.84,21.33
18065S,3,54.32,19.93
18065S,1,66.6,16.95
18065S,2,71.2,7.2
18065S,3,71.76,9.67
18065S,1,80.1,13.02
18065S,2,83.35,4.4
18065S,3,83.6,4.69
18065S,1,83.8,10.3
18065S,2,91.26,3.2
18065S,3,88.5,4.3
18065S,1,84.8,10.2
18065S,2,88,4.2
18065S,3,87.7,4.2
18065S,1,86.9,6.2
18065S,2,87.1,4.1
18065S,3,88.69,4.01
18065S,1,79.34,11.14
18065S,2,81.33,6.83
18065S,3,85.38,5.61
18065S,1,81.24,11.73
18065S,2,84.68,4.3
18065S,3,86.4,4.4
18065S,1,87.19,6.71
18065S,2,84.3,3.2
18065S,3,81.7,5
18065S,1,85.7,3
18065S,2,79.7,0.9
18065S,3,84.9,1.8
18065S,1,90.8,0.8
18065S,2,82.91,1.9
18065S,3,90.4,1.7
18065S,1,80.6,2.5
18065S,2,75,3.9
18065S,3,82.28,3.7
18065S,1,78.6,3.3
18065S,2,72.2,5.9
18065S,3,76.1,9.1
19011S,1,21.73,40.24
19011S,2,32.82,24.4
19011S,3,35.57,13.68
19011S,1,11.59,41.63
19011S,2,18.39,30.08
19011S,3,32.16,19.54
19011S,1,12.6,48.5
19011S,2,16.2,31.7
19011S,3,21.8,23.8
19011S,1,12.48,48.25
19011S,2,19.52,34.2
19011S,3,23.42,25.38
19011S,1,17.45,46.29
19011S,2,23.78,33.1
19011S,3,20.36,23.62
19011S,1,17.33,47.55
19011S,2,23.63,35.89
19011S,3,22.19,33.72
19011S,1,18.58,44.63
19011S,2,30.35,28.98
19011S,3,22.48,31.26
19011S,1,20.87,51.48
19011S,2,46.28,22.81
19011S,3,42.08,20.21
19011S,1,31.48,35.5
19011S,2,51,18.8
19011S,3,55.1,28.7
19011S,1,26.8,44.2
19011S,2,46.5,23.6
19011S,3,43.19,19.66
19011S,1,46.1,40.7
19011S,2,52.39,24.57
19011S,3,44.39,27.41
19011S,1,26.8,51.11
19011S,2,40.92,37.97
19011S,3,33.31,30.95
19011S,1,20.4,52.5
19011S,2,34.8,43.7
19011S,3,25.4,39.4
19011S,1,26.8,48.8
19011S,2,38.4,37.6
19011S,3,31.2,26.3
19011S,1,20.2,58.1
19011S,2,45.4,39.1
19011S,3,43.4,21.8
19011S,1,19.8,41.5
19011S,2,31.24,28.03
19011S,3,39.2,30.4
18030S,1,75.93,4.84
18030S,2,82.06,5.62
18030S,3,72.19,5.89
18030S,1,77.7,3.9
18030S,2,79.34,9.63
18030S,3,77.28,5.35
18030S,1,66.68,9.91
18030S,2,71.57,11.41
18030S,3,70.27,6.71
18030S,1,84,4.4
18030S,2,77.1,11.4
18030S,3,85.1,5.1
18030S,1,78.5,9.7
18030S,2,71.8,13.3
18030S,3,84.1,4.8
18030S,1,65.3,15
18030S,2,58.2,23.1
18030S,3,69.7,11.6
18030S,1,71.6,10.4
18030S,2,63.9,21.7
18030S,3,72.6,9.9
18031S,1,81.36,2.94
18031S,2,88.45,6.53
18031S,3,79.46,14.47
18031S,1,84.88,3.88
18031S,2,86.12,10.52
18031S,3,80.63,11.89
18031S,1,79.19,4.8
18031S,2,70.3,23.2
18031S,3,63.4,26.7
18031S,1,84,7.1
18031S,2,81.3,15.1
18031S,3,82,12.4
18031S,1,74.6,13.5
18031S,2,64.8,30.8
18031S,3,75.1,17.7
18031S,1,68.2,21
18031S,2,40.8,51.2
18031S,3,49,43.4
18031S,1,69,13.7
18031S,2,34.9,58.5
18031S,3,42.3,49.4
18032S,1,34.19,43.63
18032S,2,48.73,32.17
18032S,3,44.01,38.18
18032S,1,23.88,60.17
18032S,2,38.48,51.22
18032S,3,35.31,54.95
18032S,1,15.67,71.77
18032S,2,26.78,61.49
18032S,3,23.27,65.47
18032S,1,30.73,51.76
18032S,2,44.04,38.24
18032S,3,33.95,48.65
18032S,1,44.11,47.46
18032S,2,55.72,35.88
18032S,3,48.48,44.13
18032S,1,36.96,54.68
18032S,2,51.15,40.26
18032S,3,52.9,38.28
18032S,1,51.68,40.54
18032S,2,61.72,30.22
18032S,3,78.3,14.43
18032S,1,88.99,6.44
18032S,2,82.87,10.94
18032S,3,92.97,3.92
18032S,1,88.68,4.31
18032S,2,87,7.5
18032S,3,91.03,3.24
18032S,1,88.1,3.4
18032S,2,89,4.3
18032S,3,91.81,2.02
18032S,1,82.3,4.5
18032S,2,87,4.5
18032S,3,90.75,1.63
18032S,1,74.97,5.61
18032S,2,80.6,7.6
18032S,3,89.7,2.2
18032S,1,76.5,9.3
18032S,2,80.7,8.6
18032S,3,88.9,4.1
18032S,1,85.59,6.51
18032S,2,85.1,7.6
18032S,3,88.2,4.9
18032S,1,78.27,14.02
18032S,2,84.67,7.99
18032S,3,80.85,10.83
18032S,1,76.28,13.61
18032S,2,75.7,16.8
18032S,3,73.77,17.02
18032S,1,62.9,25.9
18032S,2,72.5,21
18032S,3,68.9,22.6
18032S,1,83.68,8.61
18032S,2,86.6,4
18032S,3,78.7,12.8
18032S,1,84.97,8.75
18032S,2,87.5,7.4
18032S,3,77.5,13.9
18032S,1,75.6,16.9
18032S,2,82.1,11.3
18032S,3,74.2,18.7
18032S,1,70.5,19.5
18032S,2,82.6,10.4
18032S,3,63.5,26.1
18032S,1,59.4,33.1
18032S,2,59.1,32.3
18032S,3,50.3,41.4
18032S,1,47.8,37.24
18032S,2,50.8,39.4
18032S,3,51.8,36.6
18032S,1,62.3,28.3
18032S,2,53.7,32.5
18032S,3,59.4,26.5
18032S,1,86.8,3.1
18032S,2,91,3.6
18032S,3,87.5,2.8
18042S,1,77.5,16
18042S,2,76.68,13.81
18042S,3,81.76,8.61
18042S,1,81.16,10.74
18042S,2,71.52,16.15
18042S,3,76.17,11.35
18042S,1,75.17,14.51
18042S,2,68.5,16.7
18042S,3,68.4,8.8
18042S,1,91.4,4.7
18042S,2,82.5,7.3
18042S,3,85.4,6.1
18042S,1,87.3,5.9
18042S,2,79.4,10.6
18042S,3,84,4.5
18042S,1,62.8,25.4
18042S,2,71.6,18.6
18042S,3,74.4,13.2
18042S,1,78.98,14.22
18042S,2,78.6,10.2
18042S,3,81.1,7.5
18043S,1,74.06,3.41
18043S,2,83.3,5.2
18043S,3,80.12,5.96
18043S,1,84.62,2.87
18043S,2,86.12,6.22
18043S,3,87.22,7.22
18043S,1,73.7,5.3
18043S,2,73.6,11.7
18043S,3,75.48,11.71
18043S,1,87.5,2
18043S,2,92.2,2.1
18043S,3,92.5,3.9
18043S,1,79.4,6.1
18043S,2,83.6,7.8
18043S,3,86.4,7.9
18043S,1,68.7,18.1
18043S,2,68.4,24.9
18043S,3,74.9,19.9
18043S,1,64.5,16.4
18043S,2,60.66,30.03
18043S,3,69.65,25.94
18075S,1,75.81,11.15
18075S,2,65.36,13.43
18075S,3,57.92,5.32
18075S,1,57.8,29.8
18075S,2,52.66,31.16
18075S,3,68.23,11.11
18075S,1,51.35,37.31
18075S,2,46.13,37.69
18075S,3,59.63,17.65
18075S,1,55.82,30.28
18075S,2,47.08,33.67
18075S,3,58.14,17.51
18075S,1,61.22,29.16
18075S,2,58.04,26.97
18075S,3,62.75,20.17
18075S,1,51.79,34.35
18075S,2,57.67,29.91
18075S,3,59.01,22.53
18075S,1,66.97,23.76
18075S,2,67.64,21.86
18075S,3,63.55,17.32
18075S,1,65.11,27.25
18075S,2,70.69,22.58
18075S,3,74.02,15.97
18075S,1,66.67,15.78
18075S,2,83.58,8.81
18075S,3,83.18,6.61
18075S,1,91.9,1.1
18075S,2,93.2,1.9
18075S,3,90.4,1.8
18075S,1,94.2,0.5
18075S,2,95.8,0.1
18075S,3,87.7,1.4
18075S,1,92.36,1.21
18075S,2,93.8,1.2
18075S,3,87,1.5
18075S,1,91.35,2.01
18075S,2,93.88,0.8
18075S,3,85.9,0.6
18075S,1,87.2,6
18075S,2,91.19,3.1
18075S,3,84.4,1.5
18075S,1,85.5,7.7
18075S,2,87.1,4.2
18075S,3,83.8,4.1
18075S,1,78.8,13.5
18075S,2,82.4,8.9
18075S,3,84.6,7.1
18075S,1,61.6,30
18075S,2,61.5,28.7
18075S,3,75.9,15.3
18075S,1,53.1,36
18075S,2,68.4,22.4
18075S,3,67.1,20.9
18076S,1,64.45,28.54
18076S,2,73.74,19.42
18076S,3,72.77,21.8
18076S,1,80.25,13.62
18076S,2,80.75,14.09
18076S,3,73.76,19.74
18076S,1,73.9,17.4
18076S,2,72.57,21.02
18076S,3,71.52,21.76
18076S,1,93.5,1.9
18076S,2,86.6,12
18076S,3,88.5,10.4
18076S,1,94.5,4.4
18076S,2,70.8,24.4
18076S,3,78.4,17.5
18076S,1,78.1,19.5
18076S,2,63.5,31.6
18076S,3,63.7,31.9
18076S,1,48,49.7
18076S,2,67.9,28.2
18076S,3,60.6,35
18077S,1,48.2,6.5
18077S,2,66.88,17.21
18077S,3,69.77,22.86
18077S,1,48.81,7.31
18077S,2,77.32,11.9
18077S,3,73.92,19.04
18077S,1,42.1,7.2
18077S,2,77.08,10.21
18077S,3,68.9,24.1
18077S,1,47.6,4.4
18077S,2,82.6,3.8
18077S,3,87.6,9.2
18077S,1,56,3.3
18077S,2,70,6.7
18077S,3,82.3,12.6
18077S,1,58.86,11.81
18077S,2,85.1,9.8
18077S,3,77.5,15.7
18077S,1,65.36,3.3
18077S,2,80.1,8.3
18077S,3,80.3,12.8
18088S,1,87.1,8.5
18088S,2,80.75,13.45
18088S,3,74.93,14.73
18088S,1,88.91,7.18
18088S,2,85.82,10.69
18088S,3,82.07,11.93
18088S,1,80.9,14.1
18088S,2,83,10.9
18088S,3,76.7,15.2
18088S,1,91.79,4.61
18088S,2,87.8,7.2
18088S,3,76.8,14.6
18088S,1,80.6,11.9
18088S,2,78.8,9.4
18088S,3,66,23.3
18088S,1,79,14.5
18088S,2,72.1,20.3
18088S,3,67.07,22.92
18091S,1,86.89,0.8
18091S,2,90.59,1.5
18091S,3,86.71,4.62
18091S,1,86.91,1.44
18091S,2,90.94,2.45
18091S,3,89.77,3.47
18091S,1,83.5,3
18091S,2,89.4,3.8
18091S,3,85.2,7.4
18091S,1,92.2,2.4
18091S,2,90.9,3.8
18091S,3,92.1,3.4
18091S,1,85.8,5.2
18091S,2,83.1,11.9
18091S,3,73.7,18
18091S,1,83.6,4.9
18091S,2,72.6,22.4
18091S,3,62.3,30.1
18096S,1,54.94,30.55
18096S,2,57.93,30.74
18096S,3,57.42,22.25
18096S,1,62.89,29
18096S,2,61.13,24.96
18096S,3,67.04,24.83
18096S,1,57.13,35
18096S,2,53.5,35.28
18096S,3,60.91,32.55
18096S,1,46.91,37.47
18096S,2,49.65,38.04
18096S,3,45.14,41.11
18096S,1,56.2,34.67
18096S,2,49.4,37.17
18096S,3,47.83,40.81
18096S,1,45.8,41.59
18096S,2,48.76,37.51
18096S,3,45.9,41.8
18096S,1,52.08,38.26
18096S,2,51.03,37.38
18096S,3,44.67,46.29
18096S,1,60.84,30.87
18096S,2,59.6,31.75
18096S,3,51.86,40.97
18096S,1,62.01,30.54
18096S,2,60.67,34
18096S,3,56.18,35.38
18096S,1,62.67,30.59
18096S,2,61.8,32.4
18096S,3,58.3,34.5
18096S,1,67.95,23.81
18096S,2,64,29.8
18096S,3,61.3,32.3
18096S,1,68.6,25
18096S,2,63.73,29.46
18096S,3,69.73,26.54
18096S,1,64.18,29.79
18096S,2,62.66,30.6
18096S,3,59.93,33.53
18096S,1,66.55,28.03
18096S,2,64.81,27.36
18096S,3,66.47,28.33
18096S,1,65.1,28.4
18096S,2,65.3,29.7
18096S,3,57.3,37
18096S,1,74,21.5
18096S,2,78.1,16
18096S,3,77,19.4
18096S,1,65.2,29.5
18096S,2,68.34,23.43
18096S,3,67.4,26.8
18096S,1,64.1,28.7
18096S,2,69.8,20.3
18096S,3,64.6,27.7
18096S,1,60.8,32.7
18096S,2,64.7,27.7
18096S,3,63.7,27.7
18034S,1,50.55,27.74
18034S,2,50.72,26.02
18034S,3,37.74,24.81
18034S,1,37.8,27.19
18034S,2,31.46,32.7
18034S,3,35.79,30.06
18034S,1,30.9,30.61
18034S,2,31.12,34.6
18034S,3,49.85,28.7
18034S,1,27.8,33.5
18034S,2,32.76,36.15
18034S,3,38.36,31.68
18034S,1,28.72,32.09
18034S,2,35.73,31.89
18034S,3,39.44,31.35
18034S,1,32.81,34.91
18034S,2,32.44,33.64
18034S,3,43.59,34.46
18034S,1,22.3,39.85
18034S,2,30.26,39.53
18034S,3,40.05,36.48
18034S,1,30.26,38.34
18034S,2,40.16,29.6
18034S,3,43.11,33.28
18034S,1,30.92,35.5
18034S,2,36.78,36.22
18034S,3,46.43,33.12
18034S,1,45.78,35.87
18034S,2,45.59,35.41
18034S,3,54.15,32.45
18034S,1,70.72,23.07
18034S,2,64.94,22.07
18034S,3,64.68,25.55
18034S,1,65.5,27.1
18034S,2,62.69,28.88
18034S,3,62.5,28.8
18034S,1,63.2,28.49
18034S,2,56.25,29.57
18034S,3,56.74,30.36
18034S,1,65.19,24.89
18034S,2,61.86,23.22
18034S,3,63.34,24.7
18034S,1,57.91,29.45
18034S,2,53.8,31.5
18034S,3,59.7,25.1
18034S,1,74.1,20.3
18034S,2,73.2,16.9
18034S,3,71.87,22.23
18034S,1,69.9,23.6
18034S,2,68.1,22.6
18034S,3,71.7,21.6
18034S,1,64.7,24.9
18034S,2,61,22.5
18034S,3,69.78,22.19
18034S,1,66.1,24.2
18034S,2,65.4,23.7
18034S,3,66.5,26.9
18039S,1,57.67,20.38
18039S,2,70.2,11.96
18039S,3,71.34,16.89
18039S,1,50.38,27.69
18039S,2,70.78,12.54
18039S,3,57.82,28.93
18039S,1,48.34,30.94
18039S,2,67.34,14.69
18039S,3,45.72,38.3
18039S,1,51.77,26.37
18039S,2,67.26,12.61
18039S,3,48.26,36.56
18039S,1,52.86,21.68
18039S,2,69.64,14.12
18039S,3,44.9,38.21
18039S,1,51.19,27.48
18039S,2,62.19,20.1
18039S,3,44.72,41.74
18039S,1,55.63,22.67
18039S,2,68.9,16.64
18039S,3,47.65,39.91
18039S,1,53.64,26.4
18039S,2,70.55,14.57
18039S,3,50.5,35.87
18039S,1,53.94,27.52
18039S,2,72.72,16.44
18039S,3,52.2,37.78
18039S,1,59.25,28.08
18039S,2,71.99,13.74
18039S,3,55.58,34.95
18039S,1,61.2,25.57
18039S,2,75.04,14.39
18039S,3,57.8,35
18039S,1,57.31,27.89
18039S,2,69.25,17.23
18039S,3,50.86,42.57
18039S,1,64.04,23.17
18039S,2,80.69,11.51
18039S,3,70.35,21.34
18039S,1,58.5,29.6
18039S,2,77.7,12.2
18039S,3,69.87,23.13
18039S,1,90.9,7.4
18039S,2,80.4,15.5
18039S,3,89.9,7.5
18039S,1,83,13.1
18039S,2,86,9.1
18039S,3,88.2,7.2
18039S,1,83.2,14.9
18039S,2,86.18,9.71
18039S,3,80.5,15.3
18039S,1,82.3,15
18039S,2,80.6,12.1
18039S,3,68.7,28.6
18081S,1,69.3,21.74
18081S,2,62.73,27.67
18081S,3,57.97,28.89
18081S,1,73.11,17.32
18081S,2,66,24.8
18081S,3,61.61,28.84
18081S,1,67.4,20.3
18081S,2,64.6,26.1
18081S,3,57.6,27.5
18081S,1,88.7,7.3
18081S,2,87.7,9.5
18081S,3,84.2,8.8
18081S,1,79.3,12.1
18081S,2,77.5,15.8
18081S,3,77.7,12.8
18081S,1,72.6,20.2
18081S,2,65.2,26.7
18081S,3,66.1,22.8
18081S,1,73.27,18.21
18081S,2,54.26,38.03
18081S,3,54.9,36.3
18083S,1,50.8,8.94
18083S,2,58.51,12.36
18083S,3,56.28,30.05
18083S,1,58.15,8.62
18083S,2,67.29,12.22
18083S,3,55.35,33.21
18083S,1,56,12.9
18083S,2,61.9,10.4
18083S,3,50.65,34.14
18083S,1,65.2,6.1
18083S,2,83.7,3.7
18083S,3,89.2,8.4
18083S,1,59.1,10.1
18083S,2,78.7,5.9
18083S,3,74.7,18
18083S,1,71.7,16.1
18083S,2,73.7,12.9
18083S,3,65,28.6
18083S,1,76.97,12.64
18083S,2,69.76,14.63
18083S,3,48.55,42.94
18086S,1,59.99,28.94
18086S,2,51.85,33.78
18086S,3,57.8,28.05
18086S,1,56.64,30.47
18086S,2,56.24,30.51
18086S,3,50.98,33.18
18086S,1,42.27,37.51
18086S,2,45.46,38.75
18086S,3,44.54,36.4
18086S,1,44.04,38.23
18086S,2,49.35,34.6
18086S,3,48.55,34.35
18086S,1,43.96,41.18
18086S,2,44.12,40.5
18086S,3,41.38,42.58
18086S,1,41.56,40.05
18086S,2,41.25,43.85
18086S,3,39.74,43.26
18086S,1,46.78,37.28
18086S,2,50.01,37.12
18086S,3,46.98,36.55
18086S,1,48.97,38.33
18086S,2,49.81,37.33
18086S,3,49.8,37.37
18086S,1,48.93,37.86
18086S,2,48.4,40.5
18086S,3,55.5,32.5
18086S,1,54.09,33.06
18086S,2,58.94,30.8
18086S,3,62.88,21.18
18086S,1,67.3,19.9
18086S,2,77.5,11.8
18086S,3,80.5,7
18086S,1,66.42,20.57
18086S,2,74.2,12.4
18086S,3,78.18,7.21
18086S,1,71.67,16.91
18086S,2,76.2,12.4
18086S,3,79.33,7.66
18086S,1,65.39,20.29
18086S,2,73.5,11.7
18086S,3,77.2,9.6
18086S,1,67.01,21.55
18086S,2,75.87,11.62
18086S,3,77.89,7.74
18086S,1,64.9,20.3
18086S,2,72.2,15
18086S,3,71,11.6
18086S,1,64.57,21.42
18086S,2,69.6,15
18086S,3,74,9.5
18086S,1,84.7,9.2
18086S,2,85.9,6.8
18086S,3,88,7.6
18086S,1,88.4,7.7
18086S,2,87.16,8.36
18086S,3,90.3,6.5
18086S,1,82.4,11.5
18086S,2,80.2,11.9
18086S,3,84.49,8.61
18086S,1,79.5,14.7
18086S,2,79.2,13.5
18086S,3,78.4,13.2
18086S,1,76.79,16.51
18086S,2,70.77,18.42
18086S,3,79.8,14.6
18086S,1,74,18.6
18086S,2,67.5,24.7
18086S,3,72.5,20.7
18086S,1,69.3,22.5
18086S,2,69.3,25.1
18086S,3,68.7,27.2
18086S,1,63.4,25.5
18086S,2,64.1,27.4
18086S,3,61.5,31.3
20014S,1,36.85,34.51
20014S,2,23.44,50.77
20014S,3,30.09,28.4
20014S,1,38.22,41.87
20014S,2,24.43,51.17
20014S,3,25.06,35.13
20014S,1,41.34,34.1
20014S,2,29.95,50.46
20014S,3,27.96,34.09
20014S,1,41.34,38.7
20014S,2,27.32,55.06
20014S,3,26.7,39.19
20014S,1,32.85,41.02
20014S,2,25.24,53.41
20014S,3,28.45,35.45
20014S,1,42.31,31.84
20014S,2,33.85,45.19
20014S,3,25.82,39.29
20014S,1,44.17,31.92
20014S,2,34.92,49.53
20014S,3,30.2,32.8
20014S,1,42.55,35.38
20014S,2,38.01,46.66
20014S,3,25.2,40.7
20014S,1,39.11,36.9
20014S,2,31.24,50.83
20014S,3,25.57,38.43
20014S,1,38.15,40
20014S,2,30.86,54.14
20014S,3,31.25,38.89
20014S,1,36.34,44.75
20014S,2,33.69,52.93
20014S,3,33.8,41.8
20014S,1,40.28,42.97
20014S,2,36.79,50.09
20014S,3,31.7,38.6
20014S,1,40.52,44.39
20014S,2,36.11,52.52
20014S,3,29.17,38.31
20014S,1,32.22,47.1
20014S,2,32.58,53.96
20014S,3,26.7,35.5
20014S,1,31.3,49.4
20014S,2,29.47,58.61
20014S,3,25.6,44.1
20014S,1,28.33,48.75
20014S,2,32.89,53.69
20014S,3,30.2,36.7
20014S,1,45.5,31.6
20014S,2,39.5,41.4
20014S,3,40.5,20.9
20014S,1,45.5,37
20014S,2,54.9,35.1
20014S,3,43.9,28.2
20014S,1,43.8,40.6
20014S,2,47.5,41.5
20014S,3,47.3,23.7
20014S,1,39.6,40.5
20014S,2,51.1,37.68
20014S,3,36.8,35.8
20019S,1,25.14,19.32
20019S,2,28.53,16.06
20019S,3,21.43,14.21
20019S,1,33.11,19.57
20019S,2,31.44,16.11
20019S,3,23.27,16.57
20019S,1,44.87,19.79
20019S,2,38.89,20.04
20019S,3,26.11,14.87
20019S,1,31.71,22.92
20019S,2,36.29,16.85
20019S,3,27.68,15.44
20019S,1,16.2,20.1
20019S,2,20.72,16.51
20019S,3,17.1,13.4
20019S,1,30.62,20.32
20019S,2,31.7,18.5
20019S,3,22.15,14.58
20019S,1,29.3,20.3
20019S,2,29.34,17.2
20019S,3,21.8,16.1
20019S,1,30.95,17.77
20019S,2,34.04,16.8
20019S,3,24.99,15.72
20019S,1,35.8,20.2
20019S,2,38.29,17.67
20019S,3,26.18,23.44
20019S,1,48,21.1
20019S,2,45.76,24.65
20019S,3,31.87,21.74
20019S,1,54.2,19.8
20019S,2,51.8,20.6
20019S,3,31.21,24.68
20019S,1,42.93,21.22
20019S,2,41,24.6
20019S,3,30.44,23.57
20019S,1,25.87,18.55
20019S,2,35.5,25.2
20019S,3,22.43,21.62
20019S,1,34.1,26.8
20019S,2,31.92,28.13
20019S,3,23.55,27.52
20019S,1,27.97,25.25
20019S,2,28.53,22.32
20019S,3,24.43,23.72
20019S,1,34.8,28.3
20019S,2,30.3,27.9
20019S,3,27.83,31.64
20019S,1,36.7,29.1
20019S,2,30.56,26.27
20019S,3,28.6,19.9
20019S,1,44.7,27.2
20019S,2,36.2,31.6
20019S,3,44.8,17.1
20019S,1,47.3,20.6
20019S,2,33.4,30.5
20019S,3,45.5,17.3
20067A,1,16.07,36.06
20067A,2,31.25,15.57
20067A,3,22.34,23.52
20067A,1,22.69,33.71
20067A,2,31.51,17.51
20067A,3,21.61,26.75
20067A,1,22.6,36.8
20067A,2,34.33,19.09
20067A,3,23.44,25.75
20067A,1,14.02,34.79
20067A,2,28.9,16.1
20067A,3,22.96,28.65
20067A,1,24.6,37
20067A,2,37.41,19.15
20067A,3,26.1,28.6
20067A,1,18.21,38.26
20067A,2,30.26,20.64
20067A,3,23.97,29.5
20067A,1,19.17,37.7
20067A,2,31.2,18.75
20067A,3,21.14,26.51
20067A,1,28.46,30.37
20067A,2,36.16,19.54
20067A,3,28.87,23.16
20067A,1,28.72,38.45
20067A,2,43.85,21.52
20067A,3,34,30.7
20067A,1,34.73,37.12
20067A,2,43.56,22.4
20067A,3,38.38,25.03
20067A,1,23.05,38.4
20067A,2,37.77,25.16
20067A,3,31.36,23.74
20067A,1,20.8,35.7
20067A,2,33.4,22.41
20067A,3,25.75,24.13
20067A,1,20.72,34.75
20067A,2,33.72,21.69
20067A,3,22.66,20.41
20067A,1,21,36.4
20067A,2,29.36,22.72
20067A,3,23.7,22.3
20067A,1,16.8,41.7
20067A,2,23.3,29.5
20067A,3,24.28,22.18
20067A,1,23.2,38.3
20067A,2,25.8,27.4
20067A,3,29.5,26.8
20067A,1,36.7,34.3
20067A,2,27.5,33.9
20067A,3,36,29.5
20067A,1,25.5,41.2
20067A,2,26.5,34.4
20067A,3,34.1,30.1
19131S,1,39,55.25
19131S,2,33.22,56.78
19131S,3,33.74,58.42
19131S,1,36.79,54.5
19131S,2,33.07,55.5
19131S,3,34.57,59.27
19131S,1,34.09,54.57
19131S,2,33.41,57.62
19131S,3,23.98,67.79
19131S,1,55.54,35.88
19131S,2,53.24,39.68
19131S,3,58.21,34.19
19131S,1,54.17,35.06
19131S,2,55.7,35.58
19131S,3,58.36,33.51
19131S,1,50.73,35.69
19131S,2,53.97,35.23
19131S,3,55.6,34.04
19131S,1,55.28,36.71
19131S,2,55.98,35.38
19131S,3,60.9,32.24
19131S,1,48.98,41.54
19131S,2,57.4,37.59
19131S,3,54.2,39.66
19131S,1,47.86,43.93
19131S,2,54.91,38.97
19131S,3,52.11,41.95
19131S,1,53.72,37.24
19131S,2,65.57,29.33
19131S,3,62.67,32.08
19131S,1,58.15,31.91
19131S,2,63.59,29.25
19131S,3,62.65,32.83
19131S,1,51.11,42.68
19131S,2,52.81,36.96
19131S,3,56.03,39.44
19131S,1,49.38,39.38
19131S,2,52,36.4
19131S,3,46.84,47.04
19131S,1,48.1,43.2
19131S,2,47.2,43.2
19131S,3,49.2,44.5
19131S,1,50.6,40.7
19131S,2,48.3,42
19131S,3,44.2,41.7
19131S,1,42.2,49.1
19131S,2,43.2,45.7
19131S,3,46.74,45.15
19131S,1,46.7,44
19131S,2,41.2,47.5
19131S,3,47.1,45.4
19131S,1,37.9,52.5
19131S,2,36.84,55.55
19131S,3,37.4,55.4
19138S,1,50.71,28.28
19138S,2,60.82,11.36
19138S,3,64.66,8.1
19138S,1,53.07,40.81
19138S,2,66.77,22.22
19138S,3,74.08,15.65
19138S,1,52.64,44.72
19138S,2,65.75,30.23
19138S,3,70.62,23.34
19138S,1,45.52,50.46
19138S,2,52.52,37.34
19138S,3,54.15,36.64
19138S,1,77.45,16.58
19138S,2,74.98,17.42
19138S,3,79.07,15.1
19138S,1,76.27,18.19
19138S,2,72.73,18.02
19138S,3,73.1,14.3
19138S,1,74.05,20.24
19138S,2,73.71,19.66
19138S,3,72.93,18.62
19138S,1,72.36,22.2
19138S,2,77.1,20.2
19138S,3,69.44,19.34
19138S,1,73.11,24.14
19138S,2,72.58,22.73
19138S,3,71.02,21.86
19138S,1,74,23.4
19138S,2,68.31,27.34
19138S,3,67.5,23
19138S,1,75.88,21.76
19138S,2,73.7,25.1
19138S,3,71.67,22.93
19138S,1,69.07,28.43
19138S,2,60.52,36.75
19138S,3,59.62,35.28
19138S,1,61.1,34.15
19138S,2,51.04,42.54
19138S,3,50.15,41.24
19138S,1,48.16,48.2
19138S,2,48.85,46.74
19138S,3,46.65,46.65
19138S,1,60.85,33.44
19138S,2,56.56,37.34
19138S,3,56.3,36.8
19138S,1,60.8,30.7
19138S,2,56.5,27.2
19138S,3,49.5,27
19138S,1,61,35.5
19138S,2,54.6,36.1
19138S,3,56.6,33.4
19138S,1,53.2,41.4
19138S,2,49.9,42.2
19138S,3,48.7,42.8
19138S,1,47.55,49.55
19138S,2,46.1,49.6
19138S,3,39.3,51.3
20104S,1,69.32,8.05
20104S,2,74.31,13.77
20104S,3,77.98,11.92
20104S,1,76.76,14.4
20104S,2,73.65,14.25
20104S,3,81.5,12.4
20104S,1,69.54,20.28
20104S,2,75.82,15.05
20104S,3,76.99,14.04
20104S,1,58.39,26
20104S,2,61.08,24.21
20104S,3,64.9,23.01
20104S,1,61.24,28.64
20104S,2,81.3,11.5
20104S,3,78.88,14.76
20104S,1,52.64,30.65
20104S,2,71.65,17.91
20104S,3,74.08,17.44
20104S,1,55.85,33.81
20104S,2,72.16,19.85
20104S,3,74.53,18.87
20104S,1,56.44,31.44
20104S,2,78.16,17.04
20104S,3,69.56,23.16
20104S,1,51.49,39.77
20104S,2,65.16,28.81
20104S,3,64.63,29.22
20104S,1,49.94,41.46
20104S,2,56.72,35.81
20104S,3,58.89,33.23
20104S,1,54.73,38.62
20104S,2,66.3,28.6
20104S,3,58.34,37.37
20104S,1,48.59,43.86
20104S,2,57.67,38.47
20104S,3,56.18,40.28
20104S,1,46.98,45.72
20104S,2,48.36,46.44
20104S,3,41.37,52.78
20104S,1,47.39,45.59
20104S,2,45.3,49.2
20104S,3,45.7,50.8
20104S,1,54.7,38.4
20104S,2,65.47,29.63
20104S,3,70.4,25.6
20104S,1,49.3,38.7
20104S,2,64.5,26.8
20104S,3,71.4,22.7
20104S,1,45.1,43.9
20104S,2,54.2,38
20104S,3,61.3,32.5
20104S,1,37.14,51.75
20104S,2,45.13,48
20104S,3,44,48
20104S,1,36.33,47.74
20104S,2,36.64,59.66
20104S,3,31.63,63.07
19159S,1,22.4,50.07
19159S,2,29.67,38.98
19159S,3,24.92,25.31
19159S,1,22.16,49.49
19159S,2,34.38,39.16
19159S,3,29.41,25.68
19159S,1,19.77,53.77
19159S,2,32.16,38.19
19159S,3,24.06,27.25
19159S,1,23.03,52.74
19159S,2,36.9,42.26
19159S,3,25.33,30.39
19159S,1,22.59,58.42
19159S,2,31.76,42.69
19159S,3,23.71,33.01
19159S,1,20.3,57.51
19159S,2,32.44,42.97
19159S,3,20.91,35.63
19159S,1,25.29,53.1
19159S,2,42.31,35.57
19159S,3,21.94,32.23
19159S,1,25.55,54.45
19159S,2,44.1,37.5
19159S,3,23.25,31.38
19159S,1,25.22,56.42
19159S,2,36.18,41.57
19159S,3,21.03,32.86
19159S,1,23.53,57.23
19159S,2,33.64,46.79
19159S,3,26.9,29
19159S,1,23.59,54.31
19159S,2,38.66,43.42
19159S,3,23.61,33.98
19159S,1,22.15,56.36
19159S,2,38.11,41.18
19159S,3,26.85,33.21
19159S,1,47.2,43.2
19159S,2,46.35,37.65
19159S,3,27.12,33.24
19159S,1,75.8,16.3
19159S,2,68,20.9
19159S,3,59.84,24.08
19159S,1,82.4,7.4
19159S,2,76.1,18.6
19159S,3,79.6,9.1
19159S,1,81.8,11.3
19159S,2,75.5,17.4
19159S,3,86.5,8.6
19159S,1,69.1,24.3
19159S,2,70.3,19.8
19159S,3,81.7,12.1
19159S,1,44.9,46.5
19159S,2,61.9,28.1
19159S,3,64.8,25.6
19207S,1,18.22,32.04
19207S,2,17.65,14.33
19207S,3,19.71,12.82
19207S,1,22.15,23.79
19207S,2,19.41,14.67
19207S,3,26.12,10.75
19207S,1,24.48,28.47
19207S,2,24.55,13.46
19207S,3,24.11,10.86
19207S,1,21.8,26.3
19207S,2,22.17,15.15
19207S,3,24.6,13.2
19207S,1,25.66,26.16
19207S,2,21.9,17.5
19207S,3,25.4,12.4
19207S,1,20.4,29.4
19207S,2,19.9,15.8
19207S,3,22.82,12.01
19207S,1,18.59,24.5
19207S,2,15.9,17.1
19207S,3,15.6,12.5
19207S,1,23.49,26.54
19207S,2,21.81,16.43
19207S,3,18.72,13.79
19207S,1,21.57,27.45
19207S,2,24.48,13.59
19207S,3,18.48,12.03
19207S,1,20.5,26.4
19207S,2,22.53,17.61
19207S,3,19.01,12.51
19207S,1,26.7,25.9
19207S,2,21,14.2
19207S,3,20.9,12
19207S,1,23.02,24.52
19207S,2,17.98,12.82
19207S,3,19.46,10.74
19207S,1,29.9,22.1
19207S,2,17,13.3
19207S,3,19.7,10.3
19207S,1,33.57,27.55
19207S,2,27.6,14.5
19207S,3,29.23,10.11
19207S,1,76.8,10.5
19207S,2,63.9,12.2
19207S,3,58,7.7
19207S,1,85.4,7.2
19207S,2,85.1,6.9
19207S,3,89,3.7
19207S,1,87.8,5.5
19207S,2,90.5,3.2
19207S,3,91.8,2.7
19207S,1,77.3,10.8
19207S,2,86,4.3
19207S,3,88.3,6.6
19207S,1,55.21,24.96
19207S,2,75.27,9.91
19207S,3,83.4,8.8
19209S,1,40.32,24.33
19209S,2,35.89,14.72
19209S,3,43.62,14.55
19209S,1,41.56,22.29
19209S,2,32.7,11.59
19209S,3,37.25,15.3
19209S,1,36.94,27.5
19209S,2,24.7,16.5
19209S,3,35.39,16.43
19209S,1,38.26,24.39
19209S,2,27.3,15.4
19209S,3,34.4,13.7
19209S,1,30.96,27.66
19209S,2,25.79,12.52
19209S,3,26.94,18.19
19209S,1,24.26,27
19209S,2,17.9,16
19209S,3,23.96,15.16
19209S,1,25.65,28.29
19209S,2,15.97,15.79
19209S,3,24.66,18.71
19209S,1,23.76,27.36
19209S,2,19.2,12.42
19209S,3,21.71,16.65
19209S,1,24.24,25.81
19209S,2,17.88,14.63
19209S,3,24.6,20.1
19209S,1,23.2,25.6
19209S,2,19.3,13.6
19209S,3,27.51,16.8
19209S,1,20.1,27.17
19209S,2,16.6,11.79
19209S,3,22.83,18.32
19209S,1,22.02,26.64
19209S,2,13.61,15.72
19209S,3,22.7,14.8
19209S,1,28.9,25.2
19209S,2,30.4,14
19209S,3,36.3,15.2
19209S,1,69.7,13.4
19209S,2,84.4,4.7
19209S,3,67,9.6
19209S,1,94.38,4.41
19209S,2,94.5,1.6
19209S,3,87.9,3.6
19209S,1,93.4,3.4
19209S,2,94.4,1.7
19209S,3,93.9,2.4
19209S,1,86.9,10.9
19209S,2,93.9,2
19209S,3,89.1,4.6
19209S,1,70.5,25.1
19209S,2,86.7,6.5
19209S,3,85.89,9.01
